"instructor","course","quarter","dept","Year_2020","Year_2021","Year_2022","Year_2023","trend"
"JOHNSON J K","WRIT    501","Fall","WRIT",3.97,4,4,3.85714285714286,"No Trend"
"COKLIN L","WRIT    131A","Fall","WRIT",3.94347826086956,3.94285714285714,3.98333333333333,3.92380952380952,"Slight Downward Trend"
"BAILLARGEON K","WRIT    109SS","Fall","WRIT",3.97872340425532,3.62093023255814,3.83,3.83333333333333,"Slight Upward Trend"
"HIRSCH S A","WRIT    109HU","Fall","WRIT",3.44375,3.53684210526316,3.85714285714286,3.94736842105263,"Upward Trend"
"COKLIN L","WRIT    107G","Fall","WRIT",3.42439024390244,3.41,3.65263157894737,3.69736842105263,"Slight Upward Trend"
"MCHUGH P","WRIT    107B","Fall","WRIT",3.75652173913043,3.77441860465116,3.82448979591837,3.732,"Slight Upward Trend"
"JOHNSON J K","WRIT    107A","Fall","WRIT",3.58,3.60952380952381,3.77894736842105,3.80434782608696,"Upward Trend"
"SAMUELS R D","WRIT    105R","Fall","WRIT",3.39555555555556,3.47878787878788,3.42857142857143,3.61351351351351,"Slight Upward Trend"
"GENOVA G L","WRIT    105PS","Fall","WRIT",3.67391304347826,3.61111111111111,3.5625,3.61739130434783,"Slight Downward Trend"
"HANSON J L","WRIT    105PS","Fall","WRIT",3.77272727272727,3.72727272727273,3.77916666666667,3.63333333333333,"Slight Downward Trend"
"COTICH C","WRIT    105G","Fall","WRIT",2.8578947368421,3.38571428571429,3.22142857142857,2.98,"Slight Downward Trend"
"KRUT R M","WRIT    105C","Fall","WRIT",3.90652173913043,3.87777777777778,3.95238095238095,3.81818181818182,"Slight Downward Trend"
"HUK P M","WRIT      2E","Fall","WRIT",3.7468085106383,3.39791666666667,3.76875,3.5027027027027,"Slight Downward Trend"
"HAMMER L M","WRIT      1","Fall","WRIT",3.27058823529412,3.4,3.47142857142857,3.32,"Slight Upward Trend"
"HIRSCH S A","WRIT      1","Fall","WRIT",3.698,3.63333333333333,3.88,3.77916666666667,"Slight Downward Trend"
"WEBBER M A","WRIT      1","Fall","WRIT",3.31428571428571,2.81428571428571,3.21363636363636,3.22826086956522,"Slight Upward Trend"
"BEANE M I","TMP     432","Fall","TMP",3.84545454545455,3.72173913043478,3.49433962264151,3.57777777777778,"Slight Downward Trend"
"HERRERA D J","THTR    195","Fall","THTR",3.89375,3.97272727272727,3.66666666666667,4,"Slight Upward Trend"
"MORGAN M","THTR    112","Fall","THTR",4,4,3.93571428571429,4,"No Trend"
"STEIN D A","THTR    110A","Fall","THTR",4,3.82666666666667,4,4,"No Trend"
"MITCHELL G M","THTR     19","Fall","THTR",2.92380952380952,2.92692307692308,2.88333333333333,2.87916666666667,"Slight Downward Trend"
"STEIN D A","THTR     10A","Fall","THTR",3.61666666666667,3.67,3.72307692307692,4,"Upward Trend"
"FISHELL J K","THTR      5","Fall","THTR",3.83611111111111,3.76888888888889,3.98222222222222,3.915,"Slight Downward Trend"
"BALDWIN J D","SOC     152B","Fall","SOC",3.94166666666667,3.6375,3.60625,3.7125,"Slight Downward Trend"
"BALDWIN J I","SOC     152B","Fall","SOC",3.94166666666667,3.6375,3.60625,3.7125,"Slight Downward Trend"
"BALDWIN J D","SOC     152A","Fall","SOC",3.45911949685535,2.86050955414013,2.83677130044843,2.57642679900744,"Downward Trend"
"BALDWIN J I","SOC     152A","Fall","SOC",3.45911949685535,2.86050955414013,2.83677130044843,2.57642679900744,"Downward Trend"
"BALDWIN J D","SOC     142","Fall","SOC",3.21118421052632,2.8120253164557,3.47664233576642,2.97872340425532,"Slight Downward Trend"
"TOBER T L","SOC       1","Fall","SOC",3.57698412698413,3.66027397260274,3.71336898395722,3.24848484848485,"Slight Upward Trend"
"MCCLAIN K L","RUSS      1","Fall","RUSS",3.91111111111111,3.42727272727273,3.46153846153846,3.675,"Slight Upward Trend"
"MCLELLAN L","RUSS      1","Fall","RUSS",3.49230769230769,3.53333333333333,3.35294117647059,3.55555555555556,"Slight Upward Trend"
"KAUFFMAN M E","RG ST   190WE","Fall","RG",3.58846153846154,3.02424242424242,3.16428571428571,3.61388888888889,"Slight Upward Trend"
"KAUFFMAN M E","RG ST   190EI","Fall","RG",3.19032258064516,3.33529411764706,3.075,3.03055555555556,"Slight Downward Trend"
"JARRETT G C","RG ST   156EE","Fall","RG",3.19655172413793,3.25806451612903,3.084375,3.46571428571429,"Slight Upward Trend"
"HAMILTON N C","RG ST   156CC","Fall","RG",4,3.87,3.8,4,"Slight Downward Trend"
"EL OMARI R M","RG ST   149H","Fall","RG",2.7125,3.07857142857143,3.225,3.675,"Upward Trend"
"HILLIS G A","RG ST    21","Fall","RG",3.46543209876543,3.35168539325843,3.84202127659574,3.28151260504202,"Slight Downward Trend"
"CAMPO M","RG ST    10D","Fall","RG",3.51764705882353,3.39,3.5,3.325,"Slight Downward Trend"
"CAMPO M","RG ST    10A","Fall","RG",3.16388888888889,3.33333333333333,2.99259259259259,3.72,"Slight Upward Trend"
"KLEIN S B","PSY     117","Fall","PSY",3.29848484848485,3.37909090909091,3.33095238095238,3.27522123893805,"Slight Downward Trend"
"KIPPIN T E","PSY     111","Fall","PSY",3.92592592592593,3.86016260162602,3.82540983606557,3.85309734513274,"Slight Downward Trend"
"WOODS V E","PSY     109","Fall","PSY",3.77407407407407,3.69753086419753,3.90520833333333,3.91084337349398,"Slight Upward Trend"
"GERMAN T C M","PSY       1","Fall","PSY",3.21575603557814,3.33610062893082,3.35400843881857,3.71205128205128,"Upward Trend"
"FOUQUE J-P","PSTAT   262FM","Fall","PSTAT",4,4,4,4,"No Trend"
"WANG Y-D","PSTAT   220A","Fall","PSTAT",3.73333333333333,3.6421052631579,3.81724137931035,3.63793103448276,"Slight Downward Trend"
"YU G","PSTAT   131","Fall","PSTAT",3.29420289855072,3.23529411764706,3.07733333333333,3.16935483870968,"Slight Downward Trend"
"SWENSON J S","PSTAT     5A","Fall","PSTAT",2.78236714975845,2.71678832116788,2.85884476534296,2.74496402877698,"Slight Downward Trend"
"STRATHMAN B A","POL S   126","Fall","POL",2.87586206896552,3.13676470588235,3.10185185185185,3.175,"Slight Upward Trend"
"ZEE A","PHYS    120","Fall","PHYS",3.38214285714286,3.02391304347826,3.45238095238095,3.06666666666667,"Slight Downward Trend"
"KOUTROULAKIS","PHYS    103","Fall","PHYS",3.04954954954955,2.77663551401869,2.76458333333333,2.81714285714286,"Slight Downward Trend"
"POPESCU P F","PHYS      6CL","Fall","PHYS",3.6208067940552,3.83413897280967,3.52992424242424,3.86709265175719,"Slight Upward Trend"
"FREUND E G","PHYS      6C","Fall","PHYS",3.64816955684008,3.50699300699301,3.4034188034188,3.61322957198443,"Slight Downward Trend"
"POPESCU P F","PHYS      6AL","Fall","PHYS",3.39554263565891,3.78567961165048,3.5485,3.65656370656371,"Slight Upward Trend"
"GELLER R M","PHYS      6A","Fall","PHYS",3.47772020725389,2.75037878787879,3.07280334728033,2.4484,"Slight Downward Trend"
"POPESCU P F","PHYS      3L","Fall","PHYS",3.802,3.81245901639344,3.9315649867374,3.89921052631579,"Slight Upward Trend"
"POPESCU P F","PHYS      2","Fall","PHYS",3.37042253521127,3.36867469879518,3.7778947368421,3.22771084337349,"Slight Downward Trend"
"ROBERTSON T","PHIL    183","Fall","PHIL",3.21346153846154,3.16363636363636,3.2125,3.2551724137931,"Slight Upward Trend"
"KUZIN M","MUS A   142","Fall","MUS",3.88,4,3.98125,4,"Slight Upward Trend"
"KUZIN M","MUS A    42","Fall","MUS",3.93333333333333,3.988,3.77777777777778,4,"Slight Upward Trend"
"BOURNE J E","MUS     160A","Fall","MUS",3.70555555555556,3.6125,3.00588235294118,3.405,"Slight Downward Trend"
"KUZIN M","MUS     120A","Fall","MUS",4,3.95714285714286,3.78888888888889,3.7125,"Downward Trend"
"KISLENKO N","MUS      31A","Fall","MUS",3.95,3.85833333333333,4,3.8,"Slight Downward Trend"
"NATHAN J S","MUS      16","Fall","MUS",3.57454545454546,3.69444444444445,3.70535714285714,3.76125,"Upward Trend"
"TCHAROS S S","MUS      10A","Fall","MUS",3.6304347826087,3.25909090909091,3.25172413793103,3.425,"Slight Downward Trend"
"JURKOWSKI N W","MUS       4D","Fall","MUS",3.48571428571429,3.88571428571429,3.14,3.05,"Slight Downward Trend"
"JURKOWSKI N W","MUS       4A","Fall","MUS",3.62564102564103,3.70689655172414,3.26875,3.83333333333333,"Slight Upward Trend"
"LUZZATTO-FEGI","ME      220A","Fall","ME",3.87142857142857,3.75384615384615,3.6375,3.81428571428571,"Slight Downward Trend"
"MEZIC I","ME      215A","Fall","ME",3.3,4,3.67272727272727,3.95,"Slight Upward Trend"
"CHANDRASEKARA","ME      210A","Fall","ME",4,3.83333333333333,4,4,"No Trend"
"BEYERLEIN I J","ME      185","Fall","ME",4,3.93333333333333,3.47,3.97,"Slight Downward Trend"
"SUSKO T G","ME      156A","Fall","ME",3.31014492753623,3.19230769230769,2.91566265060241,2.77191011235955,"Downward Trend"
"DRESSAIRE E M","ME      152A","Fall","ME",3.63076923076923,3.53953488372093,3.61111111111111,3.42134831460674,"Slight Downward Trend"
"LAGUETTE S W","ME      128","Fall","ME",3.97,3.42857142857143,3.83846153846154,3.83529411764706,"Slight Downward Trend"
"TSAI G T","ME      105","Fall","ME",3.67272727272727,3.53783783783784,3.90120481927711,3.375,"Slight Downward Trend"
"TSAI G T","ME       18","Fall","ME",3.3375,3.89230769230769,3.85,3.67142857142857,"Slight Downward Trend"
"HAYES C S","MCDB    218A","Fall","MCDB",3.67142857142857,3.73333333333333,3.63888888888889,3.50769230769231,"Slight Downward Trend"
"MONTELL D J","MCDB    218A","Fall","MCDB",3.67142857142857,3.73333333333333,3.63888888888889,3.50769230769231,"Slight Downward Trend"
"HAYES C S","MCDB    131L","Fall","MCDB",3.57,3.59753086419753,3.69655172413793,3.57647058823529,"Slight Upward Trend"
"HAYES C S","MCDB    131","Fall","MCDB",3.15959595959596,2.71576086956522,2.75597826086957,2.84166666666667,"Slight Upward Trend"
"STOYAN T","MCDB    126AL","Fall","MCDB",3.84897959183674,3.78208955223881,3.71408450704225,3.8344262295082,"Slight Downward Trend"
"LOW S H","MCDB    111","Fall","MCDB",2.77,2.70434782608696,2.54017857142857,2.45217391304348,"Downward Trend"
"MA D","MCDB    103","Fall","MCDB",2.74186046511628,2.81785714285714,2.94857142857143,2.76609195402299,"Slight Upward Trend"
"JOSHI P M","MCDB    101L","Fall","MCDB",3.92666666666667,3.68235294117647,3.8975,3.895,"Slight Downward Trend"
"GONZALEZ NINO","MCDB    101A","Fall","MCDB",2.796875,2.52146596858639,3.06611570247934,3.09679144385027,"Slight Upward Trend"
"LOW S H","MCDB      6","Fall","MCDB",2.90471698113208,2.8929648241206,2.43420074349442,2.40854430379747,"Downward Trend"
"SMITH W","MCDB      1B","Fall","MCDB",2.99710144927536,2.81692307692308,2.96962962962963,3.10608108108108,"Slight Upward Trend"
"WILTON M B","MCDB      1B","Fall","MCDB",2.99710144927536,2.81692307692308,2.96962962962963,3.10608108108108,"Slight Upward Trend"
"CHRISTOFFERSE","MCDB      1A","Fall","MCDB",2.80344827586207,2.51009009009009,2.81064981949458,2.74261275272162,"Slight Downward Trend"
"CLEGG D O","MCDB      1A","Fall","MCDB",2.80344827586207,2.51009009009009,2.81064981949458,2.74261275272162,"Slight Downward Trend"
"FEINSTEIN S C","MCDB      1A","Fall","MCDB",2.80344827586207,2.51009009009009,2.81064981949458,2.74261275272162,"Slight Downward Trend"
"GONZALEZ NINO","MCDB      1A","Fall","MCDB",3.06715867158672,2.69741697416974,3.06766917293233,3.06340579710145,"Slight Downward Trend"
"NGUYEN A T","MCDB      1A","Fall","MCDB",2.80344827586207,2.51009009009009,2.81064981949458,2.74261275272162,"Slight Downward Trend"
"WILTON M B","MCDB      1A","Fall","MCDB",3.06715867158672,2.69741697416974,3.06766917293233,3.06340579710145,"Slight Downward Trend"
"HAWKER C J","MATRL   271A","Fall","MATRL",4,3.91666666666667,3.97272727272727,3.66666666666667,"Slight Downward Trend"
"PALMSTROM C J","MATRL   215A","Fall","MATRL",3.2,3.55,3.5,3.61176470588235,"Slight Upward Trend"
"SPECK J S","MATRL   209A","Fall","MATRL",3.94705882352941,3.90714285714286,3.96666666666667,3.93157894736842,"Slight Downward Trend"
"BEGLEY M R","MATRL   207","Fall","MATRL",3.91666666666667,4,3.83333333333333,3.71666666666667,"Slight Downward Trend"
"GIANOLA D S","MATRL   200S","Fall","MATRL",3.57272727272727,3.78571428571429,3.4,3.75714285714286,"Slight Upward Trend"
"VAN DER VEN A","MATRL   200Q","Fall","MATRL",3.69230769230769,3.61176470588235,3.77142857142857,3.63636363636364,"Slight Downward Trend"
"BEYERLEIN I J","MATRL   185","Fall","MATRL",3.14,4,4,3.97,"No Trend"
"HARTER J W","MATRL   100A","Fall","MATRL",3.6075,3.65333333333333,3.48,3.7125,"Slight Upward Trend"
"DAI X Z","MATH    240A","Fall","MATH",3.91875,3.82307692307692,3.95,3.78461538461538,"Slight Downward Trend"
"YANG XU","MATH    104A","Fall","MATH",3.7015873015873,3.07377049180328,2.9271186440678,3.1031746031746,"Slight Downward Trend"
"SCHLEY N B","MATH    102A","Fall","MATH",3.6175,3.37179487179487,3.6953488372093,3.395,"Slight Downward Trend"
"PORTER M J","MATH      2A","Fall","MATH",3.26518518518519,3.42297297297297,3.6625,3.42105263157895,"Slight Upward Trend"
"NOVAK M J","MAT      80TH","Fall","MAT",3.08214285714286,2.74358974358974,3.09302325581395,2.79393939393939,"Slight Downward Trend"
"KENNEDY R A","LING     20","Fall","LING",3.31672473867596,3.22477876106195,3.31896551724138,3.51821705426357,"Slight Upward Trend"
"LEE W A","KOR       4","Fall","KOR",3.85151515151515,3.56129032258065,3.32857142857143,3.19166666666667,"Downward Trend"
"LEE W A","KOR       1","Fall","KOR",3.67254901960784,3.54146341463415,3.73095238095238,3.596,"Slight Downward Trend"
"CANTRELL A M","JAPAN     4","Fall","JAPAN",3.66875,3.44137931034483,3.33333333333333,3.524,"Slight Downward Trend"
"FIORINA C P","ITAL    101","Fall","ITAL",3.41538461538462,3.7,3.81428571428571,3.48,"Slight Upward Trend"
"DE SIMONE T","ITAL      1","Fall","ITAL",3.77727272727273,3.528125,2.90740740740741,2.84166666666667,"Downward Trend"
"DERWIN S","INT     201HT","Fall","INT",3.65,3.95,3.94,3.94,"No Trend"
"JENSEN A K","INT     185ST","Fall","INT",3.97272727272727,3.89545454545455,3.97272727272727,3.67222222222222,"Slight Downward Trend"
"SHISHIM M D","INT      95C","Fall","INT",3.89692307692308,4,3.65833333333333,3.87608695652174,"Slight Upward Trend"
"SIMMS A R","INT      84ZB","Fall","INT",3.87,4,3.9625,4,"Slight Upward Trend"
"STRONGMAN R D","INT      84BC","Fall","INT",3.92352941176471,3.9625,4,4,"No Trend"
"ROOSE H M","INT      10","Fall","INT",3.8951048951049,3.78467741935484,3.88863636363636,3.8336,"Slight Downward Trend"
"CASE S H","HIST    159B","Fall","HIST",2.58333333333333,2.68148148148148,2.80689655172414,2.88918918918919,"Upward Trend"
"WHITE K D","GER     106","Fall","GER",3.8037037037037,3.95454545454546,3.95172413793103,3.85769230769231,"Slight Downward Trend"
"REDER E R","GER     101A","Fall","GER",3.99090909090909,3.92682926829268,3.92857142857143,3.972,"Slight Upward Trend"
"PAJAK A K","GER       4","Fall","GER",3.924,3.92,3.92941176470588,3.964,"Slight Upward Trend"
"HOFMANN M J","GER       1","Fall","GER",3.77368421052632,3.87837837837838,3.74473684210526,3.87222222222222,"Slight Upward Trend"
"PAJAK A K","GER       1","Fall","GER",3.70263157894737,3.80769230769231,3.95666666666667,3.95862068965517,"Upward Trend"
"WHITE K D","GER       1","Fall","GER",3.828,3.69615384615385,3.69761904761905,3.82758620689655,"Slight Upward Trend"
"DODGE S","GEOG    176A","Fall","GEOG",3.61089108910891,3.71095890410959,3.5972972972973,3.42978723404255,"Slight Downward Trend"
"LOAICIGA H","GEOG    112","Fall","GEOG",2.35238095238095,2.17058823529412,2.72608695652174,2.8,"Slight Upward Trend"
"GOULIAS K","GEOG    111A","Fall","GEOG",3.91395348837209,3.40697674418605,3.76304347826087,3.54318181818182,"Slight Downward Trend"
"JACKSON W E","FAMST   188A","Fall","FAMST",3.85882352941176,3.985,3.392,3.6047619047619,"Slight Upward Trend"
"BRUSUTTI A","FAMST   169","Fall","FAMST",2.74230769230769,3.14875,3.2701030927835,3.54235294117647,"Upward Trend"
"JACKSON W E","FAMST   106A","Fall","FAMST",3.93571428571429,3.94117647058824,3.97142857142857,3.98235294117647,"Upward Trend"
"JENKINS C L","FAMST   106A","Fall","FAMST",3.45625,3.58125,3.45,3.75,"Slight Upward Trend"
"CALDWELL S","FAMST   104","Fall","FAMST",3.68139534883721,3.60851063829787,3.21276595744681,3.67291666666667,"Slight Downward Trend"
"BRUSUTTI A","FAMST    46MS","Fall","FAMST",2.86,3.22,3.93333333333333,3.83333333333333,"Slight Upward Trend"
"BRUSUTTI A","FAMST    46","Fall","FAMST",2.98611111111111,3.17239819004525,3.07536231884058,3.32330508474576,"Slight Upward Trend"
"JAMIESON A E","ESS  W    3","Fall","ESS",2.97142857142857,1.88333333333333,2.84444444444444,3.45593220338983,"Slight Upward Trend"
"HATCHER K L","ESS     160","Fall","ESS",3.4728813559322,3.0551724137931,2.94339622641509,3.38666666666667,"Slight Downward Trend"
"HATCHER K L","ESS     140","Fall","ESS",3.61935483870968,3.66136363636364,3.68,3.54237288135593,"Slight Upward Trend"
"HATCHER K L","ESS     132","Fall","ESS",3.57540983606557,3.26585365853659,3.38666666666667,3.2375,"Slight Downward Trend"
"ORLANDO M D","ESS     130","Fall","ESS",3.22142857142857,3.79827586206896,3.80847457627119,3.702,"Slight Upward Trend"
"ORLANDO M D","ESS     100","Fall","ESS",3.32631578947368,3.80961538461538,3.54769230769231,3.8030612244898,"Slight Upward Trend"
"SLADE A M","ESS       4A","Fall","ESS",3.32666666666667,3.75757575757576,3.73333333333333,3.28823529411765,"Slight Downward Trend"
"GEYER R","ESM     401B","Fall","ESM",4,4,4,3.7,"No Trend"
"GEYER R","ESM     288","Fall","ESM",4,3.94545454545454,3.97272727272727,3.91818181818182,"Slight Downward Trend"
"LARSEN A E","ESM     270P","Fall","ESM",3.84761904761905,3.97142857142857,3.79047619047619,3.86,"Slight Upward Trend"
"HASTINGS S P","ESM     257","Fall","ESM",3.9258064516129,3.86,3.93170731707317,3.815,"Slight Downward Trend"
"PLANTINGA A","ESM     242","Fall","ESM",3.86470588235294,3.93636363636364,3.87142857142857,3.975,"Slight Upward Trend"
"KELLER A A","ESM     224","Fall","ESM",4,4,4,4,"No Trend"
"MASANET E R","ESM     210","Fall","ESM",3.89873417721519,3.8425,3.87671232876712,3.97428571428571,"Slight Upward Trend"
"KAMAL-HEIKMAN","ENV S   193TW","Fall","ENV",3.32068965517241,3.30967741935484,3.20571428571429,3.42777777777778,"Slight Downward Trend"
"QUIROS W","ENV S   193ST","Fall","ENV",3.85641025641026,3.83023255813954,3.85833333333333,3.66190476190476,"Slight Downward Trend"
"WILLIAMS D L","ENV S   193PL","Fall","ENV",3.675,3.50357142857143,3.74761904761905,3.58928571428571,"Slight Downward Trend"
"SCHIMEL J P","ENV S   171","Fall","ENV",3.54864864864865,3.40588235294118,3.15,3.4625,"Slight Downward Trend"
"STONE D","ENV S   165A","Fall","ENV",3.48863636363636,3.41046511627907,3.40094339622641,3.17809523809524,"Downward Trend"
"MALDONADO J K","ENV S   130A","Fall","ENV",3.75,3.72,3.66578947368421,3.6925,"Slight Downward Trend"
"PYE L","ENV S   129","Fall","ENV",3.87714285714286,3.78157894736842,3.63243243243243,3.73589743589744,"Slight Downward Trend"
"ALAGONA P S","ENV S   108W","Fall","ENV",3.93676470588235,3.75294117647059,4,3.29558823529412,"Slight Downward Trend"
"HEILMAYR R F","ENV S    30","Fall","ENV",3.8013698630137,3.65890410958904,3.67985611510791,3.48933333333333,"Slight Downward Trend"
"ALAGONA P S","ENV S     1","Fall","ENV",3.79978902953586,3.64861995753715,4,3.85553145336226,"Slight Downward Trend"
"HOUGH K C","ENGR    101","Fall","ENGR",3.57567567567568,3.8,3.82179487179487,3.83589743589744,"Upward Trend"
"OLGUIN B V","ENGL    265GW","Fall","ENGL",4,4,4,4,"No Trend"
"DONNELLY B","ENGL    106CW","Fall","ENGL",3.83103448275862,3.8047619047619,4,3.92380952380952,"Slight Downward Trend"
"HILTNER K C","ENGL     22S","Fall","ENGL",4,4,4,4,"No Trend"
"HILTNER K C","ENGL     22","Fall","ENGL",3.40377969762419,3.20718562874251,3.13743902439024,2.67896634615385,"Downward Trend"
"GRIFFIN A R","ENGL     10","Fall","ENGL",3.73263157894737,3.52827586206897,3.82886297376093,3.7893470790378,"Slight Downward Trend"
"EVEN T J","EEMB W   22","Fall","EEMB",2.6970297029703,2.63448275862069,2.52317073170732,2.58717948717949,"Slight Downward Trend"
"OONO R","EEMB    595D","Fall","EEMB",4,4,4,3.9,"No Trend"
"SCHIMEL J P","EEMB    595D","Fall","EEMB",4,4,4,3.9,"No Trend"
"MOELLER H V","EEMB    508","Fall","EEMB",4,4,4,4,"No Trend"
"MAZER S J","EEMB    194M","Fall","EEMB",4,4,3.91333333333333,4,"No Trend"
"STRATTON E C","EEMB    188RE","Fall","EEMB",3.71428571428571,3.95,3.78888888888889,3.61666666666667,"Slight Downward Trend"
"SCHIMEL J P","EEMB    171","Fall","EEMB",3.4875,3.31818181818182,3.55,3.656,"Slight Upward Trend"
"OONO R","EEMB    145","Fall","EEMB",3.78095238095238,3.93863636363636,3.98823529411765,3.95416666666667,"Slight Upward Trend"
"EVEN T J","EEMB    142AL","Fall","EEMB",3.81818181818182,3.40434782608696,3.75666666666667,3.61481481481482,"Slight Downward Trend"
"EVEN T J","EEMB    142A","Fall","EEMB",2.75145631067961,2.82936507936508,2.80958904109589,2.9,"Slight Upward Trend"
"KURIS A M","EEMB    112","Fall","EEMB",3.41818181818182,2.94805194805195,2.97232142857143,2.92898550724638,"Slight Downward Trend"
"OAKLEY T H","EEMB    112","Fall","EEMB",3.41818181818182,2.94805194805195,2.97232142857143,2.92898550724638,"Slight Downward Trend"
"NGUYEN A T","EEMB      3","Fall","EEMB",3.65526315789474,2.74848484848485,2.94429530201342,2.97823529411765,"Slight Upward Trend"
"OONO R","EEMB      3","Fall","EEMB",3.65526315789474,2.74848484848485,2.94429530201342,2.97823529411765,"Slight Upward Trend"
"EVEN T J","EEMB      2LL","Fall","EEMB",3.85262515262515,3.79679144385027,3.9339378238342,3.77612903225806,"Slight Downward Trend"
"NGUYEN A T","EEMB      2LL","Fall","EEMB",3.85262515262515,3.79679144385027,3.9339378238342,3.77612903225806,"Slight Downward Trend"
"OGRAIN C M","ED   M  321","Fall","ED",4,4,4,3.95714285714286,"No Trend"
"MEYER M N","ED   LA 320F","Fall","ED",3.95581395348837,3.98292682926829,3.94888888888889,3.98636363636364,"Slight Upward Trend"
"WHITAKER D R","ED   LA 320F","Fall","ED",3.95581395348837,3.98292682926829,3.94888888888889,3.98636363636364,"Slight Upward Trend"
"DEWAR T J","ED   E  321","Fall","ED",4,4,4,4,"No Trend"
"MORAN A S","ED      362","Fall","ED",4,4,3.9609756097561,4,"No Trend"
"DUQUE J D","ED      265A","Fall","ED",4,3.95454545454546,4,4,"No Trend"
"OXELSON E M","ED      265A","Fall","ED",4,4,4,4,"No Trend"
"SCALZO J N","ED      265A","Fall","ED",3.95,4,3.95,4,"Slight Upward Trend"
"HARLOW D B","ED      253D","Fall","ED",4,4,4,4,"No Trend"
"LAMBERT R","ED      228K","Fall","ED",3.96,3.975,4,4,"No Trend"
"FEDDERS A","ED      228D","Fall","ED",3.9,3.91666666666667,3.75,4,"Slight Upward Trend"
"SHISHIM M D","ED      191W","Fall","ED",4,3.89647058823529,3.82857142857143,3.95280898876404,"Slight Downward Trend"
"LAMBERT R","ED      176B","Fall","ED",3.90294117647059,3.652,3.97857142857143,3.8,"Slight Downward Trend"
"ARMISTEAD K J","ED      173","Fall","ED",3.71607142857143,3.55535714285714,3.86833333333333,3.81969696969697,"Slight Downward Trend"
"KYRATZIS A","ED      111","Fall","ED",3.92857142857143,3.80701754385965,3.81818181818182,3.71228070175439,"Slight Downward Trend"
"PLANTINGA A","ECON    260E","Fall","ECON",4,4,4,3.9625,"No Trend"
"ESPONDA I","ECON    210A","Fall","ECON",3.57222222222222,3.435,3.3625,3.17777777777778,"Downward Trend"
"KULPER D E","ECON    189","Fall","ECON",3.07466666666667,3.07702702702703,3.056,3.0620253164557,"Slight Upward Trend"
"ESPONDA I","ECON    171","Fall","ECON",3.77341772151899,3.83218390804598,3.64948979591837,3.50098522167488,"Slight Downward Trend"
"STARTZ R","ECON    145","Fall","ECON",3.42978723404255,3.41014492753623,3.72659574468085,3.43343373493976,"Slight Downward Trend"
"STEIGERWALD D","ECON    140A","Fall","ECON",3.43915343915344,3.05833333333333,3.10085227272727,2.92949061662198,"Slight Downward Trend"
"GROVER S R","ECON    137A","Fall","ECON",3.84862385321101,3.64722222222222,3.325,3.70204081632653,"Slight Downward Trend"
"HARMON C J","ECON    136C","Fall","ECON",2.97903225806452,2.89130434782609,2.95454545454545,2.8578947368421,"Slight Downward Trend"
"HULME J L","ECON    136C","Fall","ECON",3.0768115942029,2.176,2.41724137931034,2.78837209302326,"Slight Upward Trend"
"HARMON C J","ECON    136B","Fall","ECON",3,2.92033898305085,2.83157894736842,2.859375,"Slight Downward Trend"
"HULME J L","ECON    136B","Fall","ECON",3.06969696969697,2.45384615384615,2.3265625,2.2531914893617,"Downward Trend"
"FULKERSON S D","ECON    136A","Fall","ECON",3.08085106382979,3.11325301204819,3.040625,3.13545454545455,"Slight Upward Trend"
"ANDERSON R W","ECON    132A","Fall","ECON",3.32539682539683,2.555,2.76315789473684,2.85151515151515,"Slight Upward Trend"
"KULPER D E","ECON    118","Fall","ECON",3.31904761904762,3.18363636363636,3.50869565217391,3.252,"Slight Downward Trend"
"EBENSTEIN A O","ECON    113B","Fall","ECON",3.33203883495146,3.14765625,3.37289719626168,3.47173913043478,"Slight Upward Trend"
"BENELLI C A","ECON    106","Fall","ECON",3.85478260869565,3.8904,3.7621052631579,3.88144329896907,"Slight Upward Trend"
"ROYER H N","ECON     96","Fall","ECON",4,4,3.98333333333333,4,"No Trend"
"BENELLI C A","ECON      9","Fall","ECON",3.65391705069124,3.72845849802372,3.80129032258065,3.65325443786982,"Slight Upward Trend"
"FULKERSON S D","ECON      3B","Fall","ECON",2.90412371134021,2.71276595744681,2.77350427350427,2.76262626262626,"Slight Downward Trend"
"ANDERSON R W","ECON      3A","Fall","ECON",2.57142857142857,3.12780487804878,2.58458149779736,2.00414507772021,"Slight Downward Trend"
"WANG L C","ECE     272A","Fall","ECE",3.9,3.72,3.86875,3.87142857142857,"Slight Upward Trend"
"BOWERS J E","ECE     228A","Fall","ECE",3.18181818181818,3.66666666666667,3.9,3.78333333333333,"Slight Upward Trend"
"PALMSTROM C J","ECE     220A","Fall","ECE",3.53076923076923,3.49230769230769,3.57368421052632,3.58,"Slight Upward Trend"
"RODWELL M J","ECE     218A","Fall","ECE",3.45454545454545,3.73333333333333,3.74444444444444,3.71428571428571,"Slight Upward Trend"
"CHANDRASEKARA","ECE     210A","Fall","ECE",4,4,4,3.96774193548387,"No Trend"
"ISUKAPALLI Y","ECE     189A","Fall","ECE",3.78205128205128,3.86486486486486,3.91142857142857,3.76440677966102,"Slight Upward Trend"
"BEN-YAACOV I","ECE     188A","Fall","ECE",3.90967741935484,3.94285714285714,3.84745762711864,3.89830508474576,"Slight Upward Trend"
"SCHULLER J A","ECE     162A","Fall","ECE",3.58888888888889,3.6625,3.63636363636364,3.5625,"Slight Downward Trend"
"WANG L C","ECE     157A","Fall","ECE",3.83508771929825,3.66764705882353,3.61351351351351,3.76486486486486,"Slight Downward Trend"
"STRUKOV D B","ECE     154A","Fall","ECE",3.54545454545455,3.56984126984127,3.525,3.43870967741936,"Slight Downward Trend"
"BREWER F","ECE     153A","Fall","ECE",3.62,3.23846153846154,3.54814814814815,3.35526315789474,"Slight Downward Trend"
"TEEL A R","ECE     147A","Fall","ECE",3.32142857142857,3.27058823529412,3.42333333333333,3.55909090909091,"Slight Upward Trend"
"RODWELL M J","ECE     145A","Fall","ECE",3.37777777777778,3.3,3.21428571428571,3.47,"Slight Downward Trend"
"BANERJEE K","ECE     122A","Fall","ECE",2.84285714285714,2.61111111111111,3.37857142857143,3.49230769230769,"Slight Upward Trend"
"RUDNICK R L","EARTH   114","Fall","EARTH",3.50975609756098,2.74705882352941,2.58666666666667,2.8,"Slight Downward Trend"
"HILLIS G A","EACS     21","Fall","EACS",3.44070796460177,3.55,3.88333333333333,3.35593220338983,"Slight Upward Trend"
"MOSELEY D","DANCE   194","Fall","DANCE",4,4,4,4,"No Trend"
"SMILEY B T","DANCE   165","Fall","DANCE",3.48888888888889,3.37777777777778,3.74705882352941,3.46666666666667,"Slight Downward Trend"
"SANCHEZ C A","DANCE   156D","Fall","DANCE",4,4,4,3.97857142857143,"No Trend"
"HUSTON V G","DANCE   147D","Fall","DANCE",3.88,4,3.81428571428571,3.9375,"Slight Upward Trend"
"SMILEY B T","DANCE    51","Fall","DANCE",3.61612903225806,3.70555555555556,3.76363636363636,3.625,"Slight Upward Trend"
"MOSELEY D","DANCE    47A","Fall","DANCE",3.88846153846154,3.884,3.9304347826087,3.83333333333333,"Slight Downward Trend"
"ABRA G J","COMM    164","Fall","COMM",3.88372093023256,3.41654135338346,3.52619047619048,3.40281690140845,"Slight Downward Trend"
"RICE R E","COMM    163","Fall","COMM",3.54324324324324,3.50746268656716,3.47631578947368,3.08,"Downward Trend"
"STOHL C","COMM    131","Fall","COMM",3.07301587301587,3.15223880597015,3.50277777777778,3.61298701298701,"Upward Trend"
"METZGER M J","COMM     87","Fall","COMM",2.56923076923077,2.33478260869565,2.696875,2.0824427480916,"Slight Downward Trend"
"JIMERSON S R","CNCSP   197","Fall","CNCSP",3.67073170731707,3.81904761904762,3.91111111111111,3.70714285714286,"Slight Upward Trend"
"YANG T","CMPSC   293S","Fall","CMPSC",3.90833333333333,3.91538461538462,3.85,3.915625,"Slight Upward Trend"
"CHANDRASEKARA","CMPSC   211A","Fall","CMPSC",4,4,4,4,"No Trend"
"WANG R K","CMPSC     9","Fall","CMPSC",3.52615384615385,3.1755905511811,2.99077669902913,2.55829596412556,"Downward Trend"
"GALLUCCI R","CLASS    20A","Fall","CLASS",3.86909090909091,3.585,3.89333333333333,3.87397260273973,"Slight Downward Trend"
"NGUYEN T T","CHEM    282C","Fall","CHEM",4,4,4,3.46428571428571,"No Trend"
"HAYTON T W","CHEM    173A","Fall","CHEM",2.73448275862069,2.77361111111111,2.99425287356322,2.92142857142857,"Slight Upward Trend"
"LEWIS R B","CHEM    109A","Fall","CHEM",3.25801169590643,2.41589285714286,2.81860465116279,2.63086053412463,"Slight Downward Trend"
"GAINER M J","CHEM      6CL","Fall","CHEM",3.2,3.40740740740741,3.085,3.54761904761905,"Slight Upward Trend"
"GAINER M J","CHEM      6BL","Fall","CHEM",3.10535714285714,3.10963855421687,3.00666666666667,3.286,"Slight Upward Trend"
"GAINER M J","CHEM      6AL","Fall","CHEM",3.08785046728972,3.09217391304348,3.11264367816092,3.13491124260355,"Upward Trend"
"FELDWINN D L","CHEM      1A","Fall","CHEM",2.13734939759036,1.72758620689655,1.81744186046512,1.58283582089552,"Slight Downward Trend"
"JOSEPH C A","CHEM      1A","Fall","CHEM",2.47375201288245,2.48817391304348,2.58122676579926,2.50821678321678,"Slight Upward Trend"
"SYLVESTER B M","CHEM      1A","Fall","CHEM",2.45548489666137,2.27370184254606,2.52443365695793,2.54262048192771,"Slight Upward Trend"
"RAWLINGS J B","CH E    230A","Fall","CH",3.44117647058824,3.425,3.3,3.77142857142857,"Slight Downward Trend"
"TAKATORI S","CH E    220A","Fall","CH",3.84,3.94347826086956,3.59,4,"Slight Upward Trend"
"CHADA J P","CH E      5","Fall","CH",3.31186440677966,3.28153846153846,3.89047619047619,3.86415094339623,"Slight Downward Trend"
"BENJAMIN R","C LIT   186SC","Fall","C",4,3.76875,4,4,"No Trend"
"BENJAMIN R","C LIT   186PP","Fall","C",3.73333333333333,4,4,3.9,"No Trend"
"PANDYA S P","AS AM   100FF","Fall","AS",3.465,3.4953488372093,3.03333333333333,3.33111111111111,"Slight Upward Trend"
"FULBECK L K","ART     136","Fall","ART",3.09090909090909,3.66,3.50666666666667,3.63076923076923,"Slight Upward Trend"
"BELTZ E A","ART     117","Fall","ART",4,3.85789473684211,3.79,3.64,"Downward Trend"
"BELTZ E A","ART      18","Fall","ART",3.265,3.65333333333333,3.26111111111111,3.48666666666667,"Slight Upward Trend"
"TASCHIAN H J","ART       1A","Fall","ART",3.53225806451613,3.32,3.41388888888889,3.47349397590361,"Slight Upward Trend"
"GAULIN S J","ANTH    244","Fall","ANTH",3.9625,4,4,3.91666666666667,"No Trend"
"GAULIN S J","ANTH      5","Fall","ANTH",2.60146137787056,2.69593147751606,2.69443254817987,3.02421875,"Slight Upward Trend"
"SORAPURE M I","WRIT    155A","Winter","WRIT",3.95,3.916,3.832,3.775,"Downward Trend"
"COKLIN L","WRIT    153A","Winter","WRIT",3.972,3.936,3.74583333333333,3.66875,"Downward Trend"
"COTICH C","WRIT    151A","Winter","WRIT",3.584,3.38181818181818,3.28571428571429,3.6,"Slight Downward Trend"
"COKLIN L","WRIT    131B","Winter","WRIT",4,3.95238095238095,3.93809523809524,3.96842105263158,"Slight Downward Trend"
"MCHUGH P","WRIT    109HU","Winter","WRIT",3.705,3.92777777777778,3.81904761904762,3.75,"Slight Downward Trend"
"SAUR E H","WRIT    109ED","Winter","WRIT",3.83636363636364,3.76458333333333,3.8,3.832,"Slight Upward Trend"
"WEBBER M A","WRIT    107WC","Winter","WRIT",3.83157894736842,3.4375,3.29166666666667,3.5125,"Slight Downward Trend"
"BAILLARGEON K","WRIT    107L","Winter","WRIT",3.656,3.77551020408163,3.97111111111111,3.576,"Slight Upward Trend"
"HIRSCH S A","WRIT    107J","Winter","WRIT",3.8125,3.75909090909091,3.57727272727273,3.748,"Slight Downward Trend"
"ERNST B C","WRIT    107B","Winter","WRIT",3.89130434782609,3.66818181818182,3.54,3.62727272727273,"Slight Downward Trend"
"HANSON J L","WRIT    105PS","Winter","WRIT",3.61904761904762,3.35,3.72608695652174,3.69166666666667,"Slight Downward Trend"
"COKLIN L","WRIT    105C","Winter","WRIT",3.48095238095238,3.4,3.55217391304348,3.54583333333333,"Slight Downward Trend"
"HUK P M","WRIT     50E","Winter","WRIT",3.896,3.916,3.828,3.9530612244898,"Slight Upward Trend"
"STANSELL A","WRIT     50E","Winter","WRIT",3.64651162790698,3.45,3.61538461538462,3.55609756097561,"Slight Downward Trend"
"DEAN C W","WRIT      2","Winter","WRIT",3.9,3.59473684210526,3.64285714285714,3.72,"Slight Upward Trend"
"DONELAN J H","WRIT      2","Winter","WRIT",3.32083333333333,3.58947368421053,3.24090909090909,3.58333333333333,"Slight Upward Trend"
"HAMMER L M","WRIT      2","Winter","WRIT",3.27222222222222,3.18888888888889,3.2625,3.28888888888889,"Slight Upward Trend"
"HANSON J L","WRIT      2","Winter","WRIT",3.44954954954955,3.53362068965517,3.47021276595745,3.37903225806452,"Slight Downward Trend"
"KRUT R M","WRIT      2","Winter","WRIT",3.77777777777778,3.60588235294118,3.66,3.75833333333333,"Slight Upward Trend"
"PATTERSON K A","WRIT      2","Winter","WRIT",3.13888888888889,3.4,3.18,3.61764705882353,"Slight Upward Trend"
"ZACKRISON E J","TMP     127","Winter","TMP",3.82439024390244,3.71818181818182,3.75686274509804,3.7,"Slight Downward Trend"
"GABRIELE G F","TMP     124","Winter","TMP",3.8135593220339,3.85131578947368,3.87358490566038,3.74782608695652,"Slight Upward Trend"
"FELDMAN J E","TMP     120","Winter","TMP",3.57441860465116,3.84705882352941,3.58918918918919,3.8,"Slight Upward Trend"
"STEIN D A","THTR    110B","Winter","THTR",3.96666666666667,3.975,3.86428571428571,3.96666666666667,"Slight Upward Trend"
"STEIN D A","THTR     10B","Winter","THTR",3.45833333333333,3.68333333333333,3.88888888888889,3.76363636363636,"Slight Upward Trend"
"FISHELL J K","THTR      5","Winter","THTR",3.89217391304348,3.77777777777778,3.91875,3.83932584269663,"Slight Downward Trend"
"KING W D","THTR      1","Winter","THTR",3.57142857142857,3.24303797468354,3.41481481481481,3.45647058823529,"Slight Upward Trend"
"MARQUES-PASCU","SPAN     25","Winter","SPAN",3.52916666666667,3.33636363636364,2.445,3.1304347826087,"Slight Downward Trend"
"MARQUES-PASCU","SPAN     16A","Winter","SPAN",3.16888888888889,2.84146341463415,2.80625,2.96666666666667,"Slight Downward Trend"
"MARQUES-PASCU","SPAN      4","Winter","SPAN",3.15,3.132,2.92121212121212,2.59230769230769,"Downward Trend"
"MARQUES-PASCU","SPAN      3","Winter","SPAN",3.056,3.08636363636364,2.72,2.55087719298246,"Slight Downward Trend"
"BALDWIN J D","SOC     152B","Winter","SOC",3.73684210526316,3.89,3.60625,3.63125,"Slight Upward Trend"
"BALDWIN J I","SOC     152B","Winter","SOC",3.73684210526316,3.89,3.60625,3.63125,"Slight Upward Trend"
"BALDWIN J D","SOC     152A","Winter","SOC",3.05034129692833,3.47339130434783,2.91444695259594,2.80623700623701,"Slight Downward Trend"
"BALDWIN J I","SOC     152A","Winter","SOC",3.05034129692833,3.47339130434783,2.91444695259594,2.80623700623701,"Slight Downward Trend"
"ROBINSON W I","SOC     130LA","Winter","SOC",3.33444444444444,3.48102189781022,3.30606060606061,3.41084337349398,"Slight Upward Trend"
"FALASCA S","SOC     118CW","Winter","SOC",3.70112359550562,3.04705882352941,3.13176470588235,3.26190476190476,"Slight Upward Trend"
"RAYMOND E","SOC     108ST","Winter","SOC",3.48524590163934,3.41666666666667,3.48620689655172,3.67719298245614,"Slight Upward Trend"
"TOBER T L","SOC     108C","Winter","SOC",3.53809523809524,3.88947368421053,3.28166666666667,3.43492063492064,"Slight Upward Trend"
"HAJJAR L","SOC       1","Winter","SOC",3.8027149321267,3.6862,3.54206349206349,3.84073107049608,"Slight Downward Trend"
"MCCLAIN K L","RUSS      2","Winter","RUSS",3.66944444444444,3.8,3.89166666666667,3.44444444444444,"Slight Upward Trend"
"JARRETT G C","RG ST   156BE","Winter","RG",4,3.525,3.11351351351351,3.27058823529412,"Slight Downward Trend"
"REYNOLDS D F","RG ST   148B","Winter","RG",3.57142857142857,3.96666666666667,4,3.33333333333333,"Slight Upward Trend"
"HECHT R","RG ST   131H","Winter","RG",3.13529411764706,3.31454545454545,3.26792452830189,3.465,"Slight Upward Trend"
"THOMAS C M","RG ST    24","Winter","RG",3.27916666666667,2.96666666666667,2.93653846153846,3.54363636363636,"Slight Downward Trend"
"CAMPO M","RG ST    10E","Winter","RG",3.47,3.12941176470588,3.10833333333333,3.26,"Slight Downward Trend"
"CAMPO M","RG ST    10B","Winter","RG",3.225,3.58333333333333,2.93461538461538,3.61111111111111,"Slight Upward Trend"
"WALKER D S","RG ST     7","Winter","RG",3.48241758241758,3.54444444444444,3.33818181818182,3.64252873563218,"Slight Upward Trend"
"HILLIS G A","RG ST     4","Winter","RG",3.38608695652174,3.64324324324324,3.6655737704918,3.49140625,"Slight Upward Trend"
"HILLIS G A","RG ST     1","Winter","RG",3.47657657657658,3.18660714285714,3.03482142857143,3.37881355932203,"Slight Downward Trend"
"SHERMAN D A","PSY     159","Winter","PSY",3.57901234567901,3.78321678321678,3.5612676056338,3.3031914893617,"Slight Downward Trend"
"COSMIDES L","PSY     142","Winter","PSY",3.14222222222222,3.30322580645161,2.96417910447761,3.04,"Slight Upward Trend"
"JANUSONIS S","PSY     113L","Winter","PSY",3.89882352941176,3.30978260869565,3.60526315789474,3.74393939393939,"Slight Upward Trend"
"SWENSON J S","PSTAT     5A","Winter","PSTAT",2.98297872340426,2.8,2.69462365591398,2.92599277978339,"Slight Downward Trend"
"ZEE A","PHYS    150","Winter","PHYS",3.85555555555556,3.45714285714286,3.59230769230769,3.425,"Slight Downward Trend"
"SAFINYA C R","PHYS    135","Winter","PHYS",3.8,3.91875,3.86315789473684,4,"Slight Upward Trend"
"BERENSTEIN D","PHYS      6BL","Winter","PHYS",3.48432601880878,3.80658914728682,3.80379008746356,3.85584045584046,"Slight Upward Trend"
"POPESCU P F","PHYS      6BL","Winter","PHYS",3.48432601880878,3.80658914728682,3.80379008746356,3.85584045584046,"Slight Upward Trend"
"BERENSTEIN D","PHYS      6AL","Winter","PHYS",3.45503875968992,3.428,3.62815249266862,3.53937823834197,"Slight Downward Trend"
"POPESCU P F","PHYS      6AL","Winter","PHYS",3.45503875968992,3.428,3.62815249266862,3.53937823834197,"Slight Downward Trend"
"POPESCU P F","PHYS      4L","Winter","PHYS",3.53920863309352,3.63962264150943,3.72328767123288,3.95357142857143,"Upward Trend"
"POPESCU P F","PHYS      3L","Winter","PHYS",3.47176470588235,3.31304347826087,3.81864406779661,3.93522012578616,"Slight Upward Trend"
"POPESCU P F","PHYS      3","Winter","PHYS",3.43854166666667,3.25,3.47583333333333,3.60573248407643,"Slight Upward Trend"
"ZYLSTRA S J","PHIL     20B","Winter","PHIL",3.25087719298246,3.18396226415094,2.97222222222222,3.11100917431193,"Slight Downward Trend"
"BELL V R","MUS A   170V","Winter","MUS",4,4,4,4,"No Trend"
"NATHAN J S","MUS A   147S","Winter","MUS",4,4,4,4,"No Trend"
"KUZIN M","MUS A   142","Winter","MUS",4,4,4,4,"No Trend"
"NATHAN J S","MUS A    47S","Winter","MUS",4,4,3.86206896551724,4,"No Trend"
"KUZIN M","MUS A    42","Winter","MUS",4,3.94375,4,3.975,"Slight Downward Trend"
"BALLERINO J M","MUS     256","Winter","MUS",4,4,4,4,"No Trend"
"LEVY B R","MUS     160B","Winter","MUS",3.5,3.2,3.4,3.06470588235294,"Slight Downward Trend"
"ROADS C","MUS     109LB","Winter","MUS",3.39230769230769,4,4,4,"No Trend"
"KISLENKO N","MUS      31X","Winter","MUS",4,3.97,3.92777777777778,4,"Slight Downward Trend"
"KISLENKO N","MUS      31B","Winter","MUS",3.93125,3.8,3.88148148148148,4,"Slight Upward Trend"
"PAUL D C","MUS       5B","Winter","MUS",3.26176470588235,3.35185185185185,3.07368421052632,3.47692307692308,"Slight Upward Trend"
"JURKOWSKI N W","MUS       4B","Winter","MUS",3.47368421052632,3.76153846153846,3.84615384615385,3.56521739130435,"Slight Upward Trend"
"BENNETT T D","ME      220B","Winter","ME",4,4,3.8,3.97272727272727,"No Trend"
"PETZOLD L","ME      210B","Winter","ME",3.9625,3.73333333333333,3.66,3.84444444444444,"Slight Downward Trend"
"BULLO F","ME      179P","Winter","ME",3.025,3.30909090909091,3.525,3.2,"Slight Upward Trend"
"LUZZATTO-FEGI","ME      152B","Winter","ME",3.75454545454545,3.7675,3.82272727272727,3.42307692307692,"Slight Upward Trend"
"SAURET A O","ME      152B","Winter","ME",3.55652173913044,3.81388888888889,3.32051282051282,3.38947368421053,"Slight Upward Trend"
"LIAO B","ME      151B","Winter","ME",3.59,3.61038961038961,3.46428571428571,3.32777777777778,"Slight Downward Trend"
"MEINHART C","ME      125LP","Winter","ME",3.46521739130435,3.66666666666667,3.61666666666667,3.84333333333333,"Slight Upward Trend"
"PETZOLD L","ME      125LP","Winter","ME",3.46521739130435,3.66666666666667,3.61666666666667,3.84333333333333,"Slight Upward Trend"
"DALY S H","ME      125FA","Winter","ME",3.54444444444444,3.5,3.34736842105263,3.52272727272727,"Slight Downward Trend"
"HAWKES E W","ME      125EH","Winter","ME",3.97692307692308,4,4,4,"No Trend"
"MARKS T G","ME        6","Winter","ME",3.62702702702703,3.78375,3.52875,3.56933333333333,"Slight Upward Trend"
"DE TOMASO A W","MCDB    133H","Winter","MCDB",4,4,4,4,"No Trend"
"DE TOMASO A W","MCDB    133","Winter","MCDB",3.19684210526316,3.23451327433628,3.08840579710145,2.9,"Slight Downward Trend"
"MAHAN M J","MCDB    132L","Winter","MCDB",3.24054054054054,3.18604651162791,3.26666666666667,3.16530612244898,"Slight Downward Trend"
"MAHAN M J","MCDB    132","Winter","MCDB",2.76363636363636,2.83235294117647,2.79113924050633,2.64931506849315,"Slight Downward Trend"
"STOYAN T","MCDB    126BL","Winter","MCDB",3.52647058823529,3.475,4,3.48548387096774,"Slight Downward Trend"
"SMITH I","MCDB    126B","Winter","MCDB",3.29615384615385,3.4985294117647,3.1890625,2.771875,"Slight Downward Trend"
"WAITE J H","MCDB    123","Winter","MCDB",3.02307692307692,2.93255813953488,2.99298245614035,3.02833333333333,"Slight Upward Trend"
"MONTELL D J","MCDB    112H","Winter","MCDB",4,4,4,3.92857142857143,"No Trend"
"MONTELL D J","MCDB    112","Winter","MCDB",3.35506329113924,3.76424870466321,3.31197183098592,3.28014184397163,"Slight Downward Trend"
"ROTHMAN J H","MCDB    110","Winter","MCDB",2.82809523809524,3.33703703703704,2.79302325581395,2.96959064327485,"Slight Upward Trend"
"LEW G J","MCDB    108B","Winter","MCDB",3.40322580645161,3.20576923076923,3.02635658914729,2.99779411764706,"Downward Trend"
"WEIMBS T","MCDB    103L","Winter","MCDB",3.55652173913044,3.99117647058823,3.72564102564102,3.52941176470588,"Slight Downward Trend"
"SIMPSON J H","MCDB    101BH","Winter","MCDB",4,4,4,4,"No Trend"
"SIMPSON J H","MCDB    101B","Winter","MCDB",3.145,3.31387559808612,2.82649842271293,3.27945205479452,"Slight Upward Trend"
"LOW S H","MCDB     20","Winter","MCDB",2.59787234042553,3.28474576271186,2.45394736842105,2.15454545454545,"Slight Downward Trend"
"CHRISTOFFERSE","MCDB      1LL","Winter","MCDB",3.8583135391924,3.8235446313066,3.9,3.86222509702458,"Slight Downward Trend"
"FINKELSTEIN R","MCDB      1LL","Winter","MCDB",3.8583135391924,3.8235446313066,3.9,3.86222509702458,"Slight Downward Trend"
"NGUYEN A T","MCDB      1LL","Winter","MCDB",3.8583135391924,3.8235446313066,3.9,3.86222509702458,"Slight Downward Trend"
"GONZALEZ NINO","MCDB      1B","Winter","MCDB",3.23707865168539,3.12529644268775,2.90563909774436,3.05652173913043,"Slight Downward Trend"
"LOW S H","MCDB      1B","Winter","MCDB",3.02639109697933,2.73814180929095,2.58727735368957,2.6020594965675,"Slight Downward Trend"
"NGUYEN A T","MCDB      1B","Winter","MCDB",3.08917410714286,2.73814180929095,2.58727735368957,2.6020594965675,"Slight Downward Trend"
"WILTON M B","MCDB      1B","Winter","MCDB",3.08917410714286,2.88610271903323,2.90563909774436,3.05652173913043,"Slight Upward Trend"
"HAWKER C J","MATRL   281","Winter","MATRL",4,4,4,3.98,"No Trend"
"SALEH O A","MATRL   271B","Winter","MATRL",3.75714285714286,3.78333333333333,3.91428571428571,3.63,"Slight Upward Trend"
"SESHADRI R","MATRL   218","Winter","MATRL",3.98421052631579,3.95,3.85384615384615,3.675,"Downward Trend"
"HARTER J W","MATRL   200B","Winter","MATRL",3.68235294117647,3.5,3.57586206896552,3.6,"Slight Upward Trend"
"SAFINYA C R","MATRL   135","Winter","MATRL",3.74,4,4,3.94545454545454,"No Trend"
"WANG ZHEN","MATH    227B","Winter","MATH",4,4,4,3.95384615384615,"No Trend"
"HARUTYUNYAN D","MATH    201B","Winter","MATH",3.59230769230769,3.6047619047619,4,3.87692307692308,"Slight Upward Trend"
"OGRAIN C M","MATH    101A","Winter","MATH",2.79347826086957,2.95365853658537,2.48541666666667,2.69210526315789,"Slight Upward Trend"
"LEGRADY G T","MAT     259A","Winter","MAT",3.925,4,3.9625,4,"Slight Upward Trend"
"KENNEDY R A","LING     70","Winter","LING",3.39235474006116,3.65347826086956,3.63651877133106,3.58830188679245,"Slight Downward Trend"
"BAKER A D","LING      3B","Winter","LING",3.51764705882353,3.40833333333333,3.66857142857143,3.45384615384615,"Slight Downward Trend"
"LINDHEIM S H","LATIN     2","Winter","LATIN",3.49047619047619,3.31333333333333,3.64,3.31666666666667,"Slight Downward Trend"
"LEE W A","KOR       5","Winter","KOR",3.47407407407407,3.86666666666667,3.65555555555556,3.64166666666667,"Slight Downward Trend"
"LEE W A","KOR       2","Winter","KOR",3.59411764705882,3.72272727272727,3.44117647058824,3.46976744186046,"Slight Upward Trend"
"CANTRELL A M","JAPAN     5","Winter","JAPAN",3.53333333333333,3.39148936170213,3.46315789473684,3.44444444444444,"Slight Downward Trend"
"FIORINA C P","ITAL    102","Winter","ITAL",2.94,3.45555555555556,3.8,3.55,"Slight Upward Trend"
"BORROMEO C","ITAL      3","Winter","ITAL",3.46111111111111,3.3,3.5,3.12727272727273,"Slight Downward Trend"
"JENSEN A K","INT     185ST","Winter","INT",3.9625,3.84736842105263,3.55714285714286,3.75833333333333,"Slight Downward Trend"
"GALLUCCI R","INT      95B","Winter","INT",3.95645161290323,3.92151898734177,3.50350877192983,3.88333333333333,"Slight Downward Trend"
"SHISHIM M D","INT      95B","Winter","INT",3.95645161290323,3.92151898734177,3.50350877192983,3.88333333333333,"Slight Downward Trend"
"SIMMS A R","INT      84ZB","Winter","INT",4,4,4,3.1,"No Trend"
"BIBILASHVILI","INT      84AH","Winter","INT",3.91304347826087,3.95909090909091,3.95,3.86666666666667,"Slight Downward Trend"
"ROOSE H M","INT      10","Winter","INT",3.9,3.81512605042017,3.91587301587302,3.7375,"Slight Downward Trend"
"PERRONE G","HIST     17B","Winter","HIST",3.33896353166987,3.3233995584989,3.31904761904762,2.99263157894737,"Downward Trend"
"THALER K M","GLOBL   120","Winter","GLOBL",3.35633802816901,3.71367521367521,3.6695652173913,3.57121212121212,"Slight Downward Trend"
"WHITE K D","GER     101B","Winter","GER",3.88378378378378,3.82352941176471,4,3.80833333333333,"Slight Downward Trend"
"WHITE K D","GER       2","Winter","GER",3.66666666666667,3.9,3.8219512195122,3.68857142857143,"Slight Downward Trend"
"MCFADDEN J P","GEOG    243","Winter","GEOG",4,4,4,4,"No Trend"
"MONTELLO D R","GEOG    150","Winter","GEOG",2.28666666666667,2.33793103448276,1.99684210526316,2.1752688172043,"Slight Upward Trend"
"LOAICIGA H","GEOG    116","Winter","GEOG",2.26363636363636,2.26666666666667,2.53333333333333,2.26111111111111,"Slight Upward Trend"
"GOULIAS K","GEOG    111B","Winter","GEOG",3.73,2.62941176470588,3.37727272727273,3.68421052631579,"Slight Upward Trend"
"DE CARVALHO L","GEOG    110","Winter","GEOG",3.67446808510638,3.38157894736842,3.56,3.52857142857143,"Slight Downward Trend"
"PHILLIPS M E","FR      104E","Winter","FR",3.62222222222222,3.79166666666667,3.68666666666667,3.78571428571429,"Slight Upward Trend"
"PHILLIPS M E","FR       11A","Winter","FR",3.97272727272727,4,4,3.83333333333333,"No Trend"
"HOLCOMB S J","FAMST   115","Winter","FAMST",3.05555555555556,2.82142857142857,2.8125,3.305,"Slight Downward Trend"
"JACKSON W E","FAMST   106B","Winter","FAMST",3.67333333333333,4,4,3.69375,"No Trend"
"JENKINS C L","FAMST   106B","Winter","FAMST",3.62352941176471,3.6,3.63076923076923,3.45,"Slight Downward Trend"
"CALDWELL S","FAMST   104","Winter","FAMST",3.434,3.5275,3.58979591836735,3.21730769230769,"Slight Upward Trend"
"HATCHER K L","ESS     160","Winter","ESS",3.42241379310345,3.23333333333333,3.16410256410256,3.39375,"Slight Downward Trend"
"HATCHER K L","ESS     140","Winter","ESS",3.09571428571429,3.765625,3.8089552238806,3.72537313432836,"Slight Upward Trend"
"HATCHER K L","ESS     132","Winter","ESS",3.42950819672131,3.46833333333333,3.11451612903226,3.31060606060606,"Slight Upward Trend"
"SLADE A M","ESS     131","Winter","ESS",3.13870967741935,3.0037037037037,3.18070175438597,3.23448275862069,"Slight Upward Trend"
"ORLANDO M D","ESS     130","Winter","ESS",3.23943661971831,3.5771186440678,3.78248175182482,3.64411764705882,"Slight Upward Trend"
"ORLANDO M D","ESS     100","Winter","ESS",3.14583333333333,3.65087719298246,3.50441176470588,3.59275362318841,"Slight Upward Trend"
"SLADE A M","ESS       9","Winter","ESS",3.77307692307692,3.67272727272727,3.73076923076923,3.38913043478261,"Slight Downward Trend"
"JAMIESON A E","ESS       3H","Winter","ESS",3.4974358974359,3.39393939393939,3.27718631178707,3.31056910569106,"Slight Downward Trend"
"JACK B K","ESM     514","Winter","ESM",4,4,4,4,"No Trend"
"GEYER R","ESM     401C","Winter","ESM",4,4,3.8,3.94,"No Trend"
"TAGUE C","ESM     262","Winter","ESM",3.82857142857143,3.83913043478261,4,4,"No Trend"
"COTTER E E","ESM     256B","Winter","ESM",3.94,4,3.9625,3.95384615384615,"Slight Downward Trend"
"ANDERSON S","ESM     241","Winter","ESM",3.52068965517241,3.90131578947368,3.76913580246914,3.63787878787879,"Slight Downward Trend"
"MENG K C","ESM     229","Winter","ESM",3.57894736842105,3.58846153846154,3.54285714285714,3.31176470588235,"Slight Downward Trend"
"DAVIS F W","ESM     215","Winter","ESM",3.84736842105263,3.98571428571429,3.88888888888889,3.92083333333333,"Slight Upward Trend"
"TILMAN G D","ESM     201","Winter","ESM",3.65287356321839,3.70875,3.60506329113924,3.5952380952381,"Slight Downward Trend"
"ALAGONA P S","ENV S   200","Winter","ENV",4,4,4,4,"No Trend"
"CREMERS M H","ENV S   184","Winter","ENV",3.80731707317073,3.63428571428571,3.82162162162162,3.68571428571429,"Slight Downward Trend"
"STONE D","ENV S   165B","Winter","ENV",3.49375,3.68076923076923,3.66052631578947,3.73125,"Slight Upward Trend"
"SCHMITT R J","ENV S   152","Winter","ENV",3.28,3.77142857142857,3.505,3.36923076923077,"Slight Downward Trend"
"MALDONADO J K","ENV S   130B","Winter","ENV",3.85952380952381,3.91707317073171,3.8921052631579,3.73333333333333,"Slight Downward Trend"
"KROP L J","ENV S   125A","Winter","ENV",3.79677419354839,3.77704918032787,3.7,3.52063492063492,"Downward Trend"
"BROWN M S","ENV S   118","Winter","ENV",3.478125,3.60645161290323,3.06296296296296,3.50263157894737,"Slight Upward Trend"
"DESHMUKH R A","ENV S   115","Winter","ENV",3.04131944444444,3.25186567164179,3.11780104712042,3.35390070921986,"Slight Upward Trend"
"MORET S L","ENV S     2","Winter","ENV",3.37067833698031,3.7304054054054,3.68507462686567,3.72510917030568,"Slight Upward Trend"
"HOUGH K C","ENGR    101","Winter","ENGR",3.71858407079646,3.62065217391304,3.71960784313726,3.63247863247863,"Slight Downward Trend"
"SAMOLSKY R E","ENGL    197","Winter","ENGL",3.53,3.42307692307692,3.43846153846154,3.37857142857143,"Slight Downward Trend"
"SAMOLSKY R E","ENGL    128GN","Winter","ENGL",3.58636363636364,3.57727272727273,3.40540540540541,3.48684210526316,"Slight Downward Trend"
"DONNELLY B","ENGL    106CW","Winter","ENGL",3.9695652173913,3.96,3.97142857142857,4,"Slight Upward Trend"
"HILTNER K C","ENGL     23S","Winter","ENGL",4,4,4,4,"No Trend"
"HILTNER K C","ENGL     23","Winter","ENGL",3.65537897310513,3.44775160599572,3.17796407185629,3.23646341463415,"Slight Downward Trend"
"OONO R","EEMB    595D","Winter","EEMB",4,4,4,3.85555555555556,"No Trend"
"SCHIMEL J P","EEMB    595D","Winter","EEMB",4,4,4,3.85555555555556,"No Trend"
"TYLER C M","EEMB    168","Winter","EEMB",3.94081632653061,3.966,3.87872340425532,3.89274611398964,"Slight Upward Trend"
"CHILDRESS J J","EEMB    163","Winter","EEMB",3.71232876712329,2.97571428571429,3.16307692307692,3.46666666666667,"Slight Upward Trend"
"HOLBROOK S J","EEMB    152","Winter","EEMB",3.82777777777778,3.81578947368421,3.52380952380952,3.26842105263158,"Downward Trend"
"SCHMITT R J","EEMB    152","Winter","EEMB",3.82777777777778,3.81578947368421,3.52380952380952,3.26842105263158,"Downward Trend"
"CARLSON C A","EEMB    142B","Winter","EEMB",3.4327868852459,3.40208333333333,3.26206896551724,3.22676056338028,"Downward Trend"
"KURIS A M","EEMB    111","Winter","EEMB",3.10972222222222,3.48875,3.21384615384615,2.93246753246753,"Slight Downward Trend"
"THOMASSON K M","EEMB      7","Winter","EEMB",3.21018181818182,3.19230769230769,2.96744186046512,3.4824427480916,"Slight Downward Trend"
"EVEN T J","EEMB      2","Winter","EEMB",2.77380688124306,2.87360465116279,2.76012048192771,2.66256544502618,"Slight Downward Trend"
"LATTO J G","EEMB      2","Winter","EEMB",2.77380688124306,2.87360465116279,2.76012048192771,2.66256544502618,"Slight Downward Trend"
"NGUYEN A T","EEMB      2","Winter","EEMB",2.77380688124306,2.87360465116279,2.76012048192771,2.66256544502618,"Slight Downward Trend"
"HARLOW D B","ED   S  320","Winter","ED",4,4,4,4,"No Trend"
"WHITAKER D R","ED   LA 320W","Winter","ED",3.96666666666667,3.99285714285714,3.96904761904762,3.95111111111111,"Slight Downward Trend"
"HARLOW D B","ED      253D","Winter","ED",4,4,4,4,"No Trend"
"SHISHIM M D","ED      191W","Winter","ED",3.65657894736842,3.9536231884058,3.89777777777778,3.91411764705882,"Slight Upward Trend"
"ARMISTEAD K J","ED      173","Winter","ED",3.97868852459016,3.86666666666667,3.80161290322581,3.73559322033898,"Downward Trend"
"OGRAIN C M","ED      134","Winter","ED",3.45769230769231,3.51578947368421,3.34347826086957,2.86111111111111,"Slight Downward Trend"
"BLACKWELL K S","ED      121","Winter","ED",3.54,3.87352941176471,3.67241379310345,3.825,"Slight Upward Trend"
"PARKER E T","ED      118","Winter","ED",3.58736842105263,3.50683760683761,3.65744680851064,3.863,"Slight Upward Trend"
"STEIGERWALD D","ECON    241B","Winter","ECON",3.38,3.6125,3.59411764705882,3.61764705882353,"Slight Upward Trend"
"YUKSEL S","ECON    210B","Winter","ECON",3.54166666666667,3.68823529411765,3.54444444444444,3.5125,"Slight Downward Trend"
"RUPERT P","ECON    204B","Winter","ECON",3.94117647058824,3.86428571428571,3.62142857142857,3.67142857142857,"Slight Downward Trend"
"KULPER D E","ECON    189","Winter","ECON",3.14776119402985,2.94852941176471,3.04285714285714,2.96708860759494,"Slight Downward Trend"
"LOWELL J F","ECON    181","Winter","ECON",3.1,3.15731707317073,2.98414634146341,2.82048192771084,"Slight Downward Trend"
"CHARNESS G B","ECON    176","Winter","ECON",3.57777777777778,3.49555555555556,3.526,3.552,"Slight Upward Trend"
"HARMON C J","ECON    139","Winter","ECON",3.32622950819672,2.916,3.075,3.16625,"Slight Upward Trend"
"SCHNEIDER N J","ECON    138A","Winter","ECON",3.42018348623853,3.62534246575343,3.58962264150943,3.46826923076923,"Slight Downward Trend"
"GROVER S R","ECON    137A","Winter","ECON",3.33582089552239,3.61161290322581,3.33896103896104,3.45352112676056,"Slight Upward Trend"
"HULME J L","ECON    136C","Winter","ECON",2.89338842975207,3.09508196721311,2.23951612903226,2.21481481481481,"Slight Downward Trend"
"HARMON C J","ECON    136B","Winter","ECON",3.18545454545455,2.81470588235294,2.88611111111111,2.91964285714286,"Slight Upward Trend"
"HULME J L","ECON    136B","Winter","ECON",2.81428571428571,3.01666666666667,2.48679245283019,2.6225,"Slight Upward Trend"
"HARMON C J","ECON    136A","Winter","ECON",3.02407407407407,2.82115384615385,2.71914893617021,2.76363636363636,"Slight Downward Trend"
"EYSTER E","ECON    134C","Winter","ECON",3.22,3.84375,3.6195652173913,3.50217391304348,"Slight Downward Trend"
"ANDERSON R W","ECON    132A","Winter","ECON",3.0375,3.1016393442623,2.6271186440678,2.51,"Slight Downward Trend"
"FULKERSON S D","ECON    118","Winter","ECON",3.10434782608696,2.95671641791045,3.29756097560976,3.31470588235294,"Slight Upward Trend"
"KULPER D E","ECON    118","Winter","ECON",3.2203125,3.04347826086957,3.478125,3.12666666666667,"Slight Downward Trend"
"QIN C Z","ECON    100C","Winter","ECON",3.4375,3,3.21891891891892,2.99555555555556,"Slight Downward Trend"
"YUKSEL S","ECON    100B","Winter","ECON",3.5339222614841,3.07875457875458,3.08633720930233,3.02254901960784,"Slight Downward Trend"
"ROYER H N","ECON     96","Winter","ECON",3.6875,4,4,4,"No Trend"
"BENELLI C A","ECON      9","Winter","ECON",3.0524,3.38583690987124,3.7702380952381,3.68064516129032,"Slight Upward Trend"
"FULKERSON S D","ECON      3B","Winter","ECON",2.9126213592233,2.57472527472527,2.79126213592233,2.7469696969697,"Slight Downward Trend"
"ANDERSON R W","ECON      3A","Winter","ECON",2.55258620689655,2.69902912621359,2.64590163934426,2.67380952380952,"Slight Upward Trend"
"LEE H","ECE     278C","Winter","ECE",3.875,3.94,3.9,4,"Slight Upward Trend"
"WANG L C","ECE     272B","Winter","ECE",3.85714285714286,4,3.9,3.81176470588235,"Slight Downward Trend"
"PARHAMI B","ECE     254B","Winter","ECE",3.54545454545455,3.6,3.55,3.37142857142857,"Slight Downward Trend"
"MISHRA U","ECE     221A","Winter","ECE",3.52142857142857,3.73636363636364,3.38461538461538,3.42666666666667,"Slight Upward Trend"
"ISUKAPALLI Y","ECE     189B","Winter","ECE",3.81470588235294,3.83333333333333,3.86756756756757,3.99142857142857,"Upward Trend"
"DENBAARS S P","ECE     162B","Winter","ECE",3.83333333333333,3.5125,3.91428571428571,3.80588235294118,"Slight Downward Trend"
"WANG L C","ECE     157B","Winter","ECE",3.83529411764706,3.77954545454546,3.62941176470588,3.96896551724138,"Slight Downward Trend"
"ISUKAPALLI Y","ECE     153B","Winter","ECE",3.065625,3.33833333333333,3.53225806451613,3.54262295081967,"Upward Trend"
"BYL K A","ECE     147B","Winter","ECE",3.68,2.98095238095238,3,3.46111111111111,"Slight Upward Trend"
"RODWELL M J","ECE     137A","Winter","ECE",2.93472222222222,2.81159420289855,2.75142857142857,3.02083333333333,"Slight Downward Trend"
"SCHOW C L","ECE      10BL","Winter","ECE",3.75526315789474,3.79758064516129,3.96929133858268,3.94492753623188,"Slight Upward Trend"
"SCHOW C L","ECE      10B","Winter","ECE",3.23083333333333,2.87674418604651,2.72421875,2.93428571428571,"Slight Downward Trend"
"HESPANHA J P","ECE       5","Winter","ECE",3.99285714285714,3.94492753623188,3.99642857142857,4,"Slight Upward Trend"
"MACDONALD F A","EARTH   201B","Winter","EARTH",4,4,3.88888888888889,3.8,"No Trend"
"LOAICIGA H","EARTH   173","Winter","EARTH",2.40454545454545,2.73571428571429,2.97619047619048,2.73,"Slight Upward Trend"
"TANIMOTO T","EARTH   134","Winter","EARTH",2.95833333333333,2.90731707317073,3.12826086956522,3.20212765957447,"Slight Upward Trend"
"RIOUX M E","EARTH   115","Winter","EARTH",3.53333333333333,3.20769230769231,2.96666666666667,3.10952380952381,"Slight Downward Trend"
"HILLIS G A","EACS      5","Winter","EACS",3.42786885245902,3.71904761904762,3.49032258064516,3.29365079365079,"Slight Downward Trend"
"MOSELEY D","DANCE   194","Winter","DANCE",4,4,4,4,"No Trend"
"PRESS C M","DANCE    45","Winter","DANCE",3.58571428571429,3.81993185689949,3.76558704453441,3.90396396396396,"Slight Upward Trend"
"ABRA G J","COMM    150","Winter","COMM",3.92484472049689,3.87848101265823,2.9578947368421,2.97272727272727,"Slight Downward Trend"
"NABI R L","COMM    139","Winter","COMM",2.9873417721519,2.85625,2.9283950617284,2.81410256410256,"Slight Downward Trend"
"MULLIN D I","COMM      1","Winter","COMM",3.4485549132948,2.73188405797101,2.87592067988669,2.78530465949821,"Slight Downward Trend"
"VERNON T W","CNCSP   197","Winter","CNCSP",4,4,4,4,"No Trend"
"WANG Y W","CMPSC   196","Winter","CMPSC",4,4,4,4,"No Trend"
"FENG YU","CMPSC   162","Winter","CMPSC",3.00138888888889,3.43571428571429,3.58461538461538,3.88769230769231,"Upward Trend"
"XU H","CHIN     82","Winter","CHIN",3.41458333333333,3.935,3.36341463414634,3.66216216216216,"Slight Upward Trend"
"NGUYEN T T","CHEM    290","Winter","CHEM",4,4,4,4,"No Trend"
"HUBER C F","CHEM    184","Winter","CHEM",3.53846153846154,3.84166666666667,3.81052631578947,3.44666666666667,"Slight Downward Trend"
"BOWERS M T","CHEM    113B","Winter","CHEM",3.11666666666667,3.02278481012658,2.93974358974359,2.874,"Downward Trend"
"VLCEK V","CHEM    113B","Winter","CHEM",2.88205128205128,2.91025641025641,2.81149425287356,2.95757575757576,"Slight Upward Trend"
"LIPSHUTZ B H","CHEM    109BH","Winter","CHEM",3.83877551020408,3.94761904761905,3.82916666666667,3.83725490196078,"Slight Upward Trend"
"LEWIS R B","CHEM    109B","Winter","CHEM",3.03105590062112,3.22004555808656,2.40771604938272,2.74477611940299,"Slight Upward Trend"
"LEWIS R B","CHEM    109A","Winter","CHEM",2.79105960264901,2.46439790575916,2.28125,2.45416666666667,"Slight Downward Trend"
"GAINER M J","CHEM      6BL","Winter","CHEM",3.11341991341991,3.09338235294118,3.09473684210526,3.09791666666667,"Slight Upward Trend"
"GAINER M J","CHEM      6AL","Winter","CHEM",3.15395189003436,3.11481481481481,3.11753731343284,3.08727915194346,"Slight Downward Trend"
"FELDWINN D L","CHEM      1B","Winter","CHEM",2.6431654676259,1.98588235294118,2.12375478927203,1.96,"Slight Downward Trend"
"JOSEPH C A","CHEM      1B","Winter","CHEM",2.70196078431373,2.39449378330373,2.57807486631016,2.58879310344828,"Slight Upward Trend"
"CHADA J P","CH E    184A","Winter","CH",3.11153846153846,3.075,3.12,3.4925,"Slight Upward Trend"
"DOHERTY M F","CH E    184A","Winter","CH",3.11153846153846,3.075,3.12,3.4925,"Slight Upward Trend"
"MUKHERJEE ARN","CH E    132C","Winter","CH",3.54565217391304,3.53518518518519,3.07837837837838,3.24878048780488,"Slight Downward Trend"
"BENJAMIN R","C LIT   186SC","Winter","C",3.875,3.91333333333333,4,3.875,"Slight Upward Trend"
"BENJAMIN R","C LIT   186PP","Winter","C",3.8,4,4,4,"No Trend"
"BENJAMIN R","C LIT   186JJ","Winter","C",3.82105263157895,4,4,4,"No Trend"
"WOOTEN T L","BL ST     1","Winter","BL",3.12826086956522,3.188,3.40555555555556,3.290625,"Slight Upward Trend"
"ZULUETA B C","AS AM   100CC","Winter","AS",3.3,3.60217391304348,3.65641025641026,3.20217391304348,"Slight Upward Trend"
"WELTER V W","ARTHI   141G","Winter","ARTHI",3.205,3.23846153846154,3.4728813559322,3.48793103448276,"Upward Trend"
"WHITE J S","ARTHI     6J","Winter","ARTHI",3.36989247311828,3.47241379310345,3.0876404494382,3.50190476190476,"Slight Upward Trend"
"BELTZ E A","ART     117","Winter","ART",3.67,3.89047619047619,3.30952380952381,3.63,"Slight Upward Trend"
"ARGENT P","ART     101","Winter","ART",3.81666666666667,3.86666666666667,3.71538461538462,3.87692307692308,"Slight Upward Trend"
"CALLISTER J","ART     100","Winter","ART",3.925,3.76315789473684,3.91,3.90952380952381,"Slight Downward Trend"
"BELTZ E A","ART      18","Winter","ART",3.53888888888889,3.51176470588235,3.1,3.37142857142857,"Slight Downward Trend"
"TASCHIAN H J","ART       1A","Winter","ART",3.11149425287356,3.31208791208791,3.25208333333333,3.57536231884058,"Slight Upward Trend"
"MCHUGH P","WRIT    153B","Spring","WRIT",3.972,3.948,4,3.9,"Slight Downward Trend"
"COTICH C","WRIT    151B","Spring","WRIT",3.42173913043478,3.32272727272727,2.95,3.3,"Slight Downward Trend"
"COKLIN L","WRIT    131C","Spring","WRIT",3.82608695652174,3.91111111111111,3.95263157894737,3.70555555555556,"Slight Upward Trend"
"KRUT R M","WRIT    107B","Spring","WRIT",4,3.93333333333333,3.74,3.988,"Slight Downward Trend"
"CHENOWETH R C","WRIT    105SW","Spring","WRIT",3.87916666666667,3.43181818181818,3.478,3.58510638297872,"Slight Upward Trend"
"FRANK D M","WRIT    105M","Spring","WRIT",3.548,3.47391304347826,3.5304347826087,3.7375,"Slight Upward Trend"
"HANSON J L","WRIT      2","Spring","WRIT",3.55555555555556,3.52678571428571,3.38163265306122,3.49574468085106,"Slight Downward Trend"
"VERTIZ V","WRIT      2","Spring","WRIT",3.7304347826087,3.18333333333333,3.59583333333333,3.38888888888889,"Slight Downward Trend"
"WARWICK N L","WRIT      2","Spring","WRIT",3.56734693877551,3.34444444444444,3.48562874251497,3.4,"Slight Downward Trend"
"WEBBER M A","WRIT      2","Spring","WRIT",3.75416666666667,3.19583333333333,3.03061224489796,3.45102040816327,"Slight Downward Trend"
"GABRIELE G F","TMP     124","Spring","TMP",3.89411764705882,3.92432432432432,3.79655172413793,3.74583333333333,"Slight Downward Trend"
"HEY M V","TMP     120","Spring","TMP",3.36938775510204,3.44864864864865,3.50123456790123,3.37916666666667,"Slight Upward Trend"
"HERRERA D J","THTR    195","Spring","THTR",3.975,4,4,4,"No Trend"
"FISHELL J K","THTR      5","Spring","THTR",3.62097902097902,3.69626168224299,3.7364406779661,3.66695652173913,"Slight Upward Trend"
"SEGURA D A","SOC     153","Spring","SOC",3.56103896103896,3.48974358974359,3.39390243902439,2.92359550561798,"Downward Trend"
"BALDWIN J D","SOC     152A","Spring","SOC",3.81625514403292,3.06208425720621,2.64512471655329,2.92112299465241,"Slight Downward Trend"
"BALDWIN J I","SOC     152A","Spring","SOC",3.81625514403292,3.06208425720621,2.64512471655329,2.92112299465241,"Slight Downward Trend"
"TOBER T L","SOC     134","Spring","SOC",3.50533333333333,3.52888888888889,3.52795698924731,3.51428571428571,"Slight Downward Trend"
"MCCLAIN K L","RUSS      3","Spring","RUSS",3.88823529411765,3.74166666666667,3.8,3.28333333333333,"Slight Downward Trend"
"MCLELLAN L","RUSS      3","Spring","RUSS",3.73636363636364,3.81111111111111,3.84615384615385,3.62857142857143,"Slight Upward Trend"
"KAUFFMAN M E","RG ST   190WE","Spring","RG",3.12916666666667,2.54583333333333,3.46551724137931,2.90434782608696,"Slight Downward Trend"
"KAUFFMAN M E","RG ST   190GA","Spring","RG",3.01176470588235,3.17222222222222,3.040625,3.06086956521739,"Slight Upward Trend"
"JARRETT G C","RG ST   156CE","Spring","RG",3.05135135135135,3.0695652173913,3.24827586206897,3.359375,"Upward Trend"
"BUSTO R V","RG ST    71","Spring","RG",3.885,3.74181818181818,3.71333333333333,3.56724137931035,"Downward Trend"
"CAMPO M","RG ST    10C","Spring","RG",3.36666666666667,3.69130434782609,3.48888888888889,3.12105263157895,"Slight Downward Trend"
"COLLINS N L","PSY     221C","Spring","PSY",3.8,3.83461538461538,3.95,3.948,"Slight Upward Trend"
"MEIRING W","PSTAT   230","Spring","PSTAT",3.68,3.28,3.75,3.8125,"Slight Upward Trend"
"DUNCAN J E","PSTAT   183","Spring","PSTAT",3.0948717948718,3.15333333333333,3.18382352941176,3.08913043478261,"Slight Upward Trend"
"NAYAK C V","PHYS    223C","Spring","PHYS",4,4,4,4,"No Trend"
"LUDWIG A W","PHYS    220","Spring","PHYS",3.925,3.95,3.93076923076923,3.80833333333333,"Slight Downward Trend"
"ZEE A","PHYS    150","Spring","PHYS",3.4962962962963,3.33888888888889,3.53888888888889,3.72941176470588,"Slight Upward Trend"
"MARTIN C L","PHYS    133","Spring","PHYS",3.52295081967213,2.60508474576271,2.5078431372549,3.23913043478261,"Slight Downward Trend"
"RICHMAN J D","PHYS    125","Spring","PHYS",2.9390243902439,3.008,3.21025641025641,2.9695652173913,"Slight Upward Trend"
"POPESCU P F","PHYS      6CL","Spring","PHYS",3.45722379603399,3.55391969407266,3.6299711815562,3.57881355932203,"Slight Upward Trend"
"GELLER R M","PHYS      6C","Spring","PHYS",3.83730964467005,3.78715277777778,2.96880733944954,3.19306930693069,"Slight Downward Trend"
"POPESCU P F","PHYS      6BL","Spring","PHYS",3.50125523012552,3.75676328502415,3.75420289855072,3.69375,"Slight Downward Trend"
"FREUND E G","PHYS      6B","Spring","PHYS",3.60831758034026,3.02092457420925,3.07142857142857,3.17870036101083,"Slight Upward Trend"
"BOUWMEESTER D","PHYS      2","Spring","PHYS",3.30281425891182,3.08689138576779,3.05057208237986,3.05914221218962,"Slight Downward Trend"
"NATHAN J S","MUS A   147S","Spring","MUS",4,4,4,4,"No Trend"
"KUZIN M","MUS A   142","Spring","MUS",4,3.95,4,3.98636363636364,"Slight Downward Trend"
"NATHAN J S","MUS A    47S","Spring","MUS",4,4,4,4,"No Trend"
"KUZIN M","MUS A    42","Spring","MUS",3.975,3.62142857142857,4,3.67272727272727,"Slight Downward Trend"
"KUZIN M","MUS     120A","Spring","MUS",3.4625,4,3.95,3.75555555555556,"Slight Downward Trend"
"ROADS C","MUS     109LC","Spring","MUS",4,4,4,4,"No Trend"
"NATHAN J S","MUS      16","Spring","MUS",3.71016949152542,3.53653846153846,3.81379310344828,3.89868421052632,"Slight Upward Trend"
"KATZ D H","MUS      10C","Spring","MUS",3.62142857142857,3.19130434782609,3.2,3.01111111111111,"Slight Downward Trend"
"JURKOWSKI N W","MUS       4F","Spring","MUS",3.64666666666667,3.56,3.78571428571429,3.48,"Slight Downward Trend"
"JURKOWSKI N W","MUS       4C","Spring","MUS",3.76666666666667,3.88636363636364,3.81666666666667,3.34347826086957,"Slight Downward Trend"
"YANG H T","ME   W  167","Spring","ME",3.00869565217391,3.03333333333333,3.01111111111111,2.96666666666667,"Slight Downward Trend"
"YEUNG E H","ME      155A","Spring","ME",3.51176470588235,3.4358024691358,3.72555555555556,3.52183908045977,"Slight Downward Trend"
"HAWKES E W","ME      153","Spring","ME",3.91267605633803,3.92666666666667,3.95632183908046,3.91978021978022,"Slight Upward Trend"
"PENNATHUR S","ME      141B","Spring","ME",3.8,3.54,3.51666666666667,4,"Slight Downward Trend"
"LUZZATTO-FEGI","ME      125PL","Spring","ME",3.71666666666667,3.3,3.48,3.56153846153846,"Slight Upward Trend"
"TSAI G T","ME       10","Spring","ME",3.57912087912088,3.47717391304348,3.32967032967033,3.59896907216495,"Slight Downward Trend"
"HAYES C S","MCDB    194BG","Spring","MCDB",4,4,4,3.94615384615385,"No Trend"
"FEINSTEIN S C","MCDB    153","Spring","MCDB",3.62933333333333,3.13064516129032,2.95028248587571,3.32717391304348,"Slight Downward Trend"
"CLEGG D O","MCDB    146","Spring","MCDB",3.88070175438596,3.86888888888889,3.73939393939394,3.64042553191489,"Downward Trend"
"SMITH W","MCDB    140L","Spring","MCDB",3.73818181818182,3.49649122807018,3.69166666666667,3.66046511627907,"Slight Downward Trend"
"LOW S H","MCDB    139","Spring","MCDB",2.97765957446808,3.18571428571429,2.49047619047619,2.525,"Slight Upward Trend"
"WILTON M B","MCDB    110","Spring","MCDB",3.14923076923077,3.60809248554913,3.23063583815029,3.01626506024096,"Slight Downward Trend"
"LEW G J","MCDB    109L","Spring","MCDB",3.59259259259259,3.9093023255814,3.86904761904762,3.7945945945946,"Slight Downward Trend"
"LOUIS M R","MCDB    108C","Spring","MCDB",3.50964912280702,3.56481481481482,3.39828571428571,3.39470198675497,"Slight Downward Trend"
"GONZALEZ NINO","MCDB      1A","Spring","MCDB",2.63673469387755,2.62028985507246,2.81760563380282,2.78443113772455,"Slight Downward Trend"
"CHABINYC M L","MATRL   271C","Spring","MATRL",4,4,3.9,3.8,"No Trend"
"DENBAARS S P","MATRL   227","Spring","MATRL",3.89166666666667,3.825,4,3.75454545454545,"Slight Downward Trend"
"VAN DER VEN A","MATRL   200C","Spring","MATRL",3.61212121212121,3.57,3.63571428571429,3.65,"Slight Upward Trend"
"ZHANG YITANG","MATH    115B","Spring","MATH",2.75806451612903,3.25,3.53333333333333,3.48787878787879,"Slight Upward Trend"
"YANG XU","MATH    104C","Spring","MATH",3.40737704918033,3.2453125,3.48,3.465,"Slight Downward Trend"
"OGRAIN C M","MATH    101B","Spring","MATH",3.33333333333333,2.80625,2.671875,2.53181818181818,"Downward Trend"
"KENNEDY R A","LING     15","Spring","LING",3.64383886255924,3.5982905982906,3.39537037037037,3.21923076923077,"Downward Trend"
"LINDHEIM S H","LATIN     3","Spring","LATIN",3.31428571428571,3.44583333333333,3.4625,3.57142857142857,"Upward Trend"
"LEE W A","KOR       6","Spring","KOR",3.748,3.59259259259259,3.776,3.68333333333333,"Slight Downward Trend"
"LEE W A","KOR       3","Spring","KOR",3.63333333333333,3.83611111111111,3.42,3.31470588235294,"Slight Downward Trend"
"JENSEN A K","INT     185ST","Spring","INT",4,3.875,3.59259259259259,3.82666666666667,"Slight Downward Trend"
"SIMMS A R","INT      84ZB","Spring","INT",4,3.50666666666667,3.75714285714286,4,"Slight Upward Trend"
"STRONGMAN R D","INT      84BC","Spring","INT",4,3.93666666666667,4,4,"No Trend"
"HOFMANN M J","GER     114","Spring","GER",3.47586206896552,3.868,3.9551724137931,3.89642857142857,"Slight Upward Trend"
"WHITE K D","GER     101C","Spring","GER",3.82972972972973,3.9,4,3.62142857142857,"Slight Upward Trend"
"HOFMANN M J","GER       8C","Spring","GER",3.88780487804878,3.9375,3.97291666666667,3.74166666666667,"Slight Upward Trend"
"REDER E R","GER       6","Spring","GER",3.94583333333333,4,4,4,"No Trend"
"DING Q","GEOG    210C","Spring","GEOG",3.85,4,4,4,"No Trend"
"LOAICIGA H","GEOG    162","Spring","GEOG",2.33333333333333,2.725,2.28461538461538,2.14444444444444,"Slight Downward Trend"
"GOULIAS K","GEOG    111C","Spring","GEOG",3.92075471698113,3.89565217391304,3.87966101694915,3.46041666666667,"Downward Trend"
"CASSELS S L","GEOG      6","Spring","GEOG",2.94134615384615,3.03066666666667,2.93163265306122,2.6425641025641,"Slight Downward Trend"
"PHILLIPS M E","FR      104F","Spring","FR",3.83571428571428,3.8695652173913,3.8125,3.89333333333333,"Slight Upward Trend"
"PHILLIPS M E","FR       11B","Spring","FR",4,3.85833333333333,4,3.83333333333333,"Slight Downward Trend"
"PENLEY C","FAMST   154PG","Spring","FAMST",3.79433962264151,3.94864864864865,3.83636363636364,3.73243243243243,"Slight Downward Trend"
"CALDWELL S","FAMST   104","Spring","FAMST",3.64102564102564,3.5,3.43137254901961,3.49615384615385,"Slight Downward Trend"
"BRUSUTTI A","FAMST    46","Spring","FAMST",3.37117647058824,3.00486486486486,3.07785234899329,2.79032258064516,"Slight Downward Trend"
"HATCHER K L","ESS     160","Spring","ESS",3.37391304347826,3.15,2.82368421052632,3.13606557377049,"Slight Downward Trend"
"JAMIESON A E","ESS     150","Spring","ESS",3.58115942028985,3.26393442622951,3.37068965517241,3.58703703703704,"Slight Upward Trend"
"HATCHER K L","ESS     140","Spring","ESS",3.88428571428571,3.66774193548387,3.64242424242424,3.75245901639344,"Slight Downward Trend"
"HATCHER K L","ESS     132","Spring","ESS",3.94761904761905,3.68,3.38939393939394,3.61555555555556,"Slight Downward Trend"
"SLADE A M","ESS     131","Spring","ESS",2.94918032786885,2.65166666666667,3.17962962962963,3.26603773584906,"Slight Upward Trend"
"ORLANDO M D","ESS     130","Spring","ESS",3.56461538461538,3.684,3.87857142857143,3.85,"Slight Upward Trend"
"ORLANDO M D","ESS     100","Spring","ESS",3.4463768115942,3.65606060606061,3.58857142857143,3.90416666666667,"Slight Upward Trend"
"SLADE A M","ESS       9","Spring","ESS",3.61923076923077,3.55333333333333,3.46415094339623,3.2875,"Downward Trend"
"GEYER R","ESM     401D","Spring","ESM",4,4,3.74,4,"No Trend"
"GEYER R","ESM     401A","Spring","ESM",4,3.94,4,4,"No Trend"
"KELLER A A","ESM     401A","Spring","ESM",4,4,4,4,"No Trend"
"GEYER R","ESM     282","Spring","ESM",4,3.91818181818182,3.85,3.904,"Slight Downward Trend"
"ANDERSON S","ESM     243","Spring","ESM",3.91904761904762,3.97272727272727,4,3.95384615384615,"Slight Upward Trend"
"STEVENSON-MIC","ESM     237","Spring","ESM",3.84666666666667,3.93658536585366,3.88125,3.55416666666667,"Slight Downward Trend"
"TAGUE C","ESM     232","Spring","ESM",4,4,4,4,"No Trend"
"KELLER A A","ESM     222","Spring","ESM",4,3.95,3.77142857142857,3.94,"Slight Downward Trend"
"SALZMAN J E","ESM     207","Spring","ESM",3.67659574468085,3.64177215189873,3.56962025316456,3.64324324324324,"Slight Downward Trend"
"COSTELLO C J","ESM     204","Spring","ESM",3.6735632183908,3.76103896103896,3.6,3.23768115942029,"Slight Downward Trend"
"BENJAMIN R","ENV S   193WL","Spring","ENV",3.86923076923077,3.83333333333333,3.80833333333333,3.94166666666667,"Slight Downward Trend"
"MALDONADO J K","ENV S   186","Spring","ENV",3.81219512195122,3.55,3.81142857142857,3.8425,"Slight Upward Trend"
"LOAICIGA H","ENV S   162","Spring","ENV",2.93846153846154,2.69,3.35714285714286,2.55833333333333,"Slight Downward Trend"
"DESHMUKH R A","ENV S   105","Spring","ENV",3.06666666666667,3.12441860465116,3.0320987654321,3.30454545454545,"Slight Upward Trend"
"MARTIN J A","ENV S     3","Spring","ENV",3.43700680272109,3.43833560709413,3.5445178335535,3.57687253613666,"Upward Trend"
"HOUGH K C","ENGR    101","Spring","ENGR",3.70862068965517,3.62254901960784,3.63142857142857,3.74907407407407,"Slight Upward Trend"
"PETZOLD L","ENGR      3","Spring","ENGR",3.67210884353742,3.20281690140845,3.41397058823529,3.69295774647887,"Slight Upward Trend"
"DONNELLY B","ENGL    106CW","Spring","ENGL",4,4,4,3.89047619047619,"No Trend"
"RANA S","ENGL     50","Spring","ENGL",3.47295918367347,3.49340659340659,3.55674157303371,3.26973684210526,"Slight Upward Trend"
"LIU A Y","ENGL     25","Spring","ENGL",3.19407407407407,2.94132231404959,3.21666666666667,2.80081967213115,"Slight Downward Trend"
"EVEN T J","EEMB W   22","Spring","EEMB",2.74489795918367,2.78823529411765,2.6325,2.43793103448276,"Slight Downward Trend"
"SCHIMEL J P","EEMB    511","Spring","EEMB",4,4,4,4,"No Trend"
"PROULX S R","EEMB    180","Spring","EEMB",3.90526315789474,3.6258064516129,3.64166666666667,3.67317073170732,"Slight Upward Trend"
"EVEN T J","EEMB    148","Spring","EEMB",2.9368,2.70161290322581,2.80084033613445,3.1025974025974,"Slight Upward Trend"
"STIER A C","EEMB    142CL","Spring","EEMB",4,3.88235294117647,3.92608695652174,3.96296296296296,"Slight Upward Trend"
"STIER A C","EEMB    142C","Spring","EEMB",3.8,3.803125,3.77428571428571,3.8038961038961,"Slight Upward Trend"
"TURNER T L","EEMB    116","Spring","EEMB",3.9047619047619,3.44567901234568,3.16428571428571,3.01084337349398,"Downward Trend"
"OAKLEY T H","EEMB    102","Spring","EEMB",3.7,3.52380952380952,3.66363636363636,3.64065934065934,"Slight Downward Trend"
"LATTO J G","EEMB     50","Spring","EEMB",3.9372641509434,3.80990099009901,3.72577319587629,3.70112359550562,"Downward Trend"
"HODGES S A","EEMB      3","Spring","EEMB",3.62441253263708,3.38091482649842,3.34573770491803,2.87641325536062,"Downward Trend"
"NGUYEN A T","EEMB      3","Spring","EEMB",3.62441253263708,3.38091482649842,3.34573770491803,2.87641325536062,"Downward Trend"
"BIANCHINI J A","ED   S  321","Spring","ED",3.975,3.93333333333333,3.81818181818182,4,"Slight Downward Trend"
"HARLOW D B","ED   S  320","Spring","ED",3.97666666666667,4,4,4,"No Trend"
"ROBERTS S A","ED   M  321","Spring","ED",3.8,3.9,4,4,"No Trend"
"WHITAKER D R","ED   LA 320W","Spring","ED",3.97111111111111,3.9547619047619,3.95238095238095,3.94888888888889,"Downward Trend"
"LEE J S","ED      253D","Spring","ED",4,4,4,4,"No Trend"
"FEDDERS A","ED      228J","Spring","ED",4,3.97692307692308,4,3.97,"Slight Downward Trend"
"OGRAIN C M","ED      135","Spring","ED",3.50869565217391,3.37222222222222,3.45,3.31538461538462,"Slight Downward Trend"
"BLACKWELL K S","ED      121","Spring","ED",3.96470588235294,3.78125,3.70333333333333,3.61904761904762,"Downward Trend"
"PARKER E T","ED       20","Spring","ED",3.5906976744186,3.37154471544715,3.76494845360825,3.79375,"Slight Upward Trend"
"QIN C Z","ECON    210C","Spring","ECON",3.7952380952381,3.65294117647059,3.72777777777778,3.75,"Slight Upward Trend"
"KULPER D E","ECON    189","Spring","ECON",3.00405405405405,2.95652173913044,3.06379310344828,3.14210526315789,"Slight Upward Trend"
"HARMON C J","ECON    139","Spring","ECON",3.21184210526316,2.80967741935484,3.005,3.08378378378378,"Slight Upward Trend"
"SCHNEIDER N J","ECON    138B","Spring","ECON",3.70483870967742,3.65851063829787,3.56428571428571,3.83253012048193,"Slight Downward Trend"
"SCHNEIDER N J","ECON    138A","Spring","ECON",3.88689655172414,3.67829457364341,3.7030612244898,3.64955752212389,"Slight Downward Trend"
"GROVER S R","ECON    137A","Spring","ECON",3.73768115942029,3.57570093457944,3.72131147540984,3.51279069767442,"Slight Downward Trend"
"HARMON C J","ECON    136C","Spring","ECON",3.2537037037037,2.98571428571429,2.75454545454545,2.82045454545455,"Slight Downward Trend"
"HULME J L","ECON    136C","Spring","ECON",3.43142857142857,2.77826086956522,2.33111111111111,2.38571428571429,"Slight Downward Trend"
"HULME J L","ECON    136B","Spring","ECON",3.00709219858156,3.17384615384615,2.02926829268293,2.39805825242718,"Slight Upward Trend"
"GROVER S R","ECON    136A","Spring","ECON",3.91680672268908,3.17966101694915,3.64363636363636,3.0695652173913,"Slight Downward Trend"
"HARMON C J","ECON    136A","Spring","ECON",3.3452380952381,2.95333333333333,2.84117647058823,3.07666666666667,"Slight Downward Trend"
"ANDERSON R W","ECON    132A","Spring","ECON",3.20208333333333,2.8015873015873,2.6,2.61818181818182,"Slight Downward Trend"
"FULKERSON S D","ECON    132A","Spring","ECON",3.21805555555556,3.19193548387097,3.26909090909091,3.26,"Slight Downward Trend"
"KULPER D E","ECON    118","Spring","ECON",3.18481012658228,3.06435643564356,3.41384615384615,3.15858585858586,"Slight Downward Trend"
"BENELLI C A","ECON    114A","Spring","ECON",3.94142857142857,3.88129496402878,3.60507246376812,3.52527472527473,"Downward Trend"
"EBENSTEIN A O","ECON    112A","Spring","ECON",3.33719008264463,3.3049504950495,3.22753623188406,3.19565217391304,"Downward Trend"
"EBENSTEIN A O","ECON    107B","Spring","ECON",3.3340206185567,3.32087912087912,3.25283018867925,3.20733944954128,"Downward Trend"
"QIN C Z","ECON    100B","Spring","ECON",3.35620052770449,3.32815884476534,3.01932203389831,2.75722543352601,"Downward Trend"
"FULKERSON S D","ECON      3B","Spring","ECON",2.922,2.74642857142857,2.87,2.68288288288288,"Slight Downward Trend"
"ANDERSON R W","ECON      3A","Spring","ECON",3.10978260869565,2.73609756097561,3.01399176954732,2.40393700787402,"Slight Downward Trend"
"ISUKAPALLI Y","ECE     189C","Spring","ECE",3.82727272727273,3.58461538461538,3.69722222222222,3.81142857142857,"Slight Upward Trend"
"LEE H","ECE     148","Spring","ECE",3.75483870967742,3.38947368421053,3.82307692307692,3.875,"Slight Upward Trend"
"MISHRA U","ECE     142","Spring","ECE",3.85675675675676,3.83939393939394,3.946875,3.98205128205128,"Slight Upward Trend"
"SALEM L G","ECE     142","Spring","ECE",3.85675675675676,3.83939393939394,3.946875,3.98205128205128,"Slight Upward Trend"
"ROSE K","ECE     139","Spring","ECE",3.54251968503937,3.4156862745098,3.37747747747748,3.46363636363636,"Slight Downward Trend"
"DAGLI N","ECE     135","Spring","ECE",3.02727272727273,3.35294117647059,3.3,3.9,"Slight Upward Trend"
"ALIZADEH M","ECE      10CL","Spring","ECE",3.85833333333333,3.79649122807018,3.89652173913043,3.9875,"Slight Upward Trend"
"ALIZADEH M","ECE      10C","Spring","ECE",3.42583333333333,3.32086956521739,2.88695652173913,3.0171875,"Slight Downward Trend"
"VALENTINE D L","EARTH   182B","Spring","EARTH",4,4,4,4,"No Trend"
"TANIMOTO T","EARTH   135","Spring","EARTH",3.48823529411765,3.15,3.375,3.17777777777778,"Slight Downward Trend"
"MOORE J","EARTH     7","Spring","EARTH",2.98880308880309,3.11469534050179,3.30392857142857,2.89700374531835,"Slight Upward Trend"
"HUSTON V G","DANCE    47F","Spring","DANCE",3.67142857142857,3.55555555555556,3.58888888888889,3.77272727272727,"Slight Upward Trend"
"PRESS C M","DANCE    45","Spring","DANCE",3.9069033530572,3.83622704507513,3.87368421052632,3.91222222222222,"Slight Upward Trend"
"BENNAHUM D","DANCE    36","Spring","DANCE",3.55850340136054,3.1387323943662,3.32054794520548,3.46030534351145,"Slight Upward Trend"
"METZGER M J","COMM    174","Spring","COMM",3.04375,2.976,2.83214285714286,2.76818181818182,"Downward Trend"
"VERNON T W","CNCSP   197","Spring","CNCSP",4,4,4,4,"No Trend"
"MATNI Z A","CMPSC   111","Spring","CMPSC",3.62682926829268,3.31311475409836,3.208,3.21489361702128,"Slight Downward Trend"
"SHEA J","CHEM    290","Spring","CHEM",4,4,4,4,"No Trend"
"NGUYEN T T","CHEM    153","Spring","CHEM",3.43,3.54736842105263,3.4,3.46,"Slight Upward Trend"
"LAVERMAN L E","CHEM    116BL","Spring","CHEM",3.23269230769231,3.19615384615385,3.31379310344828,3.49210526315789,"Slight Upward Trend"
"METIU H I","CHEM    113C","Spring","CHEM",2.72777777777778,3.59512195121951,3.06125,2.9972602739726,"Slight Downward Trend"
"LIPSHUTZ B H","CHEM    109CH","Spring","CHEM",3.9530612244898,3.87297297297297,3.7925,3.79574468085106,"Slight Downward Trend"
"LEWIS R B","CHEM    109C","Spring","CHEM",3.83628571428571,3.5997037037037,2.9,3.2851724137931,"Slight Downward Trend"
"GAINER M J","CHEM      6CL","Spring","CHEM",3.40740740740741,3.06666666666667,3.06363636363636,3.225,"Slight Downward Trend"
"GAINER M J","CHEM      6BL","Spring","CHEM",3.09798657718121,3.10240384615385,3.13636363636364,3.10148148148148,"Slight Upward Trend"
"GAINER M J","CHEM      6AL","Spring","CHEM",3.17082066869301,3.07853658536585,3.07558139534884,3.09418181818182,"Slight Downward Trend"
"JOSEPH C A","CHEM      1C","Spring","CHEM",2.77846715328467,2.76873857404022,2.804,2.82248175182482,"Slight Upward Trend"
"PRICE S P","CHEM      1B","Spring","CHEM",2.5997005988024,2.45663900414938,2.38165584415584,2.45659432387312,"Slight Downward Trend"
"HERNANDEZ E D","CH ST   183","Spring","CH",3.33823529411765,3.72333333333333,3.61428571428571,3.78857142857143,"Slight Upward Trend"
"GARCIA S","CH ST   110","Spring","CH",3.59642857142857,3.668,3.91764705882353,3.61428571428571,"Slight Upward Trend"
"DOHERTY M F","CH E    184B","Spring","CH",3.23653846153846,3.33333333333333,2.79777777777778,3.195,"Slight Upward Trend"
"MCFARLAND E W","CH E    184B","Spring","CH",3.23653846153846,3.33333333333333,2.79777777777778,3.195,"Slight Upward Trend"
"TAKATORI S","CH E    132A","Spring","CH",2.5530612244898,2.63555555555556,3.28157894736842,3.2,"Slight Upward Trend"
"SQUIRES T M","CH E    126","Spring","CH",3.375,3.07368421052632,3.625,4,"Slight Upward Trend"
"DEY S S","CH E    120C","Spring","CH",3.34313725490196,3.11224489795918,2.99333333333333,3.10769230769231,"Slight Downward Trend"
"BENJAMIN R","C LIT   186WL","Spring","C",4,3.9,3.79230769230769,3.8,"Slight Downward Trend"
"HOWELL D A","ASTRO     2","Spring","ASTRO",2.6125,2.79166666666667,2.92571428571429,2.65423728813559,"Slight Upward Trend"
"BUSTO R V","AS AM    71","Spring","AS",3.85571428571428,3.79393939393939,3.55,2.99791666666667,"Downward Trend"
"FULBECK L K","ART     137","Spring","ART",3.39090909090909,3.62307692307692,3.36923076923077,3.59166666666667,"Slight Upward Trend"
"BELTZ E A","ART     118","Spring","ART",3.86470588235294,3.93157894736842,3.5,3.87368421052632,"Slight Upward Trend"
"BELTZ E A","ART     117","Spring","ART",3.82333333333333,3.8,3.29047619047619,3.35909090909091,"Slight Downward Trend"
"TASCHIAN H J","ART       1A","Spring","ART",3.20449438202247,3.28588235294118,2.97466666666667,3.3974358974359,"Slight Upward Trend"
"SALDIVAR TANA","ANTH    195A","Spring","ANTH",3.54,3.7,3.95,3.45,"Slight Upward Trend"
